product_name,product_id,image,url,price,scraped_at,description
After Baume,8255678841077,"[""//cdn.shopify.com/s/files/1/0627/9164/7477/files/glossier-0814-after-baume-carousel-1.png?v=1786718228"", ""//cdn.shopify.com/s/files/1/0627/9164/7477/files/glossier-after-baume-carousel-02_58195e79-2ef3-4a5a-93a4-dd010c476662.png?v=1718025822"", ""//cdn.shopify.com/s/files/1/0627/9164/7477/files/glossier-after-baume-carousel-04_d628acbc-85ce-4181-8f33-974af2e4eb7a.png?v=1718025822"", ""//cdn.shopify.com/s/files/1/0627/9164/7477/files/glossier-after-baume-carousel-05_fb6527e8-fc4f-4c62-9993-cac40ab81430.png?v=1718025822"", ""//cdn.shopify.com/s/files/1/0627/9164/7477/files/glossier-after-baume-carousel-06_e7697893-6d3b-4f17-9510-905479e15a7c.png?v=1718025822"", ""//cdn.shopify.com/s/files/1/0627/9164/7477/files/glossier-after-baume-carousel-07_5fd50ef3-4e2c-4c94-aaf0-4e486ec3d220.png?v=1718025822"", ""//cdn.shopify.com/s/files/1/0627/9164/7477/files/glossier-after-baume-carousel-08_496c8d58-d3e7-49f7-8c6a-9cc7e35e63f8.png?v=1718025822"", ""//cdn.shopify.com/s/files/1/0627/9164/7477/files/glossier-skincare-afterbaume-jumbo-carousel-01.png?v=1718025865"", ""//cdn.shopify.com/s/files/1/0627/9164/7477/files/glossier-afterbaume-125ml-02.png?v=1718025865"", ""//cdn.shopify.com/s/files/1/0627/9164/7477/files/glossier-afterbaume-125ml-03.png?v=1718025865"", ""//cdn.shopify.com/s/files/1/0627/9164/7477/files/glossier-afterbaume-125ml-carousel-04.png?v=1718025865"", ""//cdn.shopify.com/s/files/1/0627/9164/7477/files/glossier-afterbaume-125ml-carousel-05.png?v=1718025865"", ""//cdn.shopify.com/s/files/1/0627/9164/7477/files/glossier-afterbaume-125ml-carousel-07.png?v=1718025865"", ""//cdn.shopify.com/s/files/1/0627/9164/7477/files/glossier-afterbaume-125ml-carousel-08.png?v=1718025865"", ""//cdn.shopify.com/s/files/1/0627/9164/7477/files/glossier-afterbaume-125ml-carousel-09.png?v=1718025865"", ""//cdn.shopify.com/s/files/1/0627/9164/7477/files/glossier-skincare-afterbaume-mini-carousel-1.png?v=1727745620"", ""//cdn.shopify.com/s/files/1/0627/9164/7477/files/glossier-holiday-miniab-02.png?v=1727745591"", ""//cdn.shopify.com/s/files/1/0627/9164/7477/files/glossier-holiday-miniab-03.png?v=1727745590"", ""//cdn.shopify.com/s/files/1/0627/9164/7477/files/glossier-holiday-miniab-04.png?v=1727745591"", ""//cdn.shopify.com/s/files/1/0627/9164/7477/files/glossier-holiday-miniab-05.png?v=1727745591""]",https://www.glossier.com/en-in/products/glossier-after-baume,390000,2026-10-02T12:27:48.726473+00:00,"A puffer jacket for your skin. A daily moisture barrier recovery cream perfect for very dry and/or sensitive skin. The buttery, cocooning cream formulated with plant-based moisture magnets, Glycerin and Cupuaçu Butter, helps dry skin bounce back and lock in hydration for up to 24 hours. Awarded the National Eczema Association Seal of Acceptance™ Conditioning Hydrating Non-comedogenic Vegan Cruelty Free"
Balm + Line Duo,9151055298805,"[""//cdn.shopify.com/s/files/1/0627/9164/7477/files/lipline-bdc-carousel-01.png?v=1772202645"", ""//cdn.shopify.com/s/files/1/0627/9164/7477/files/glossier-bdc-lipline-carousel-02.png?v=1772202645"", ""//cdn.shopify.com/s/files/1/0627/9164/7477/files/glossier-bdc-lipline-carousel-03.png?v=1772202645"", ""//cdn.shopify.com/s/files/1/0627/9164/7477/files/glossier-bdc-lipline-carousel-04.png?v=1772202645"", ""//cdn.shopify.com/s/files/1/0627/9164/7477/files/glossier-bdc-lipline-carousel-05.png?v=1772202645"", ""//cdn.shopify.com/s/files/1/0627/9164/7477/files/glossier-bdc-lipline-carousel-06.png?v=1772202645"", ""//cdn.shopify.com/s/files/1/0627/9164/7477/files/glossier-bdc-lipline-carousel-07.png?v=1772202645"", ""//cdn.shopify.com/s/files/1/0627/9164/7477/files/glossier-bdc-lipline-carousel-08.png?v=1772202645"", ""//cdn.shopify.com/s/files/1/0627/9164/7477/files/glossier-bdc-lipline-carousel-09.png?v=1772202645"", ""//cdn.shopify.com/s/files/1/0627/9164/7477/files/glossier-bdc-lipline-carousel-10.png?v=1772202645""]",https://www.glossier.com/en-in/products/balm-line-duo,370000,2026-10-02T12:27:48.726473+00:00,Glossier Glossier Sets Glossier Makeup Glossier Black Cherry Glossier Cherry Balm Dotcom Balm Dotcom Cherry Lip Balm Burgundy Makeup Burgundy Lip Liner Lip Liner
Balm Dotcom,9150866882805,"[""//cdn.shopify.com/s/files/1/0627/9164/7477/files/glossier-bdc-wildfig-carousel-1.png?v=1762201257"", ""//cdn.shopify.com/s/files/1/0627/9164/7477/files/glossier-bdc-wildfig-carousel-02.png?v=1715722514"", ""//cdn.shopify.com/s/files/1/0627/9164/7477/files/glossier-bdc-wildfig-carousel-3.png?v=1744899495"", ""//cdn.shopify.com/s/files/1/0627/9164/7477/files/glossier-skincare-bdc-wildfig-carousel-04.png?v=1744899495"", ""//cdn.shopify.com/s/files/1/0627/9164/7477/files/glossier-skincare-bdc-wildfig-carousel-05.png?v=1744899495"", ""//cdn.shopify.com/s/files/1/0627/9164/7477/files/glossier-bdc-rose-carousel-1.png?v=1744899495"", ""//cdn.shopify.com/s/files/1/0627/9164/7477/files/glossier-bdc-rose-carousel-2.png?v=1744899495"", ""//cdn.shopify.com/s/files/1/0627/9164/7477/files/glossier-bdc-rose-carousel-03.png?v=1744899495"", ""//cdn.shopify.com/s/files/1/0627/9164/7477/files/glossier-skincare-bdc-rose-carousel-04.png?v=1744899495"", ""//cdn.shopify.com/s/files/1/0627/9164/7477/files/glossier-skincare-bdc-rose-carousel-05.png?v=1744899495"", ""//cdn.shopify.com/s/files/1/0627/9164/7477/files/glossier-skincare-bdc-rose-carousel-08.png?v=1744899495"", ""//cdn.shopify.com/s/files/1/0627/9164/7477/files/glossier-bdc-coconut-carousel-1.png?v=1744899495"", ""//cdn.shopify.com/s/files/1/0627/9164/7477/files/glossier-bdc-coconut-carousel-2.png?v=1744899495"", ""//cdn.shopify.com/s/files/1/0627/9164/7477/files/glossier-bdc-coconut-carousel-03_b2ed25d5-b3c2-41d6-a0fe-3fcab4a901f1.png?v=1744899495"", ""//cdn.shopify.com/s/files/1/0627/9164/7477/files/glossier-bdc-coconut-carousel-04.png?v=1744899495"", ""//cdn.shopify.com/s/files/1/0627/9164/7477/files/glossier-bdc-coconut-carousel-05.png?v=1744899495"", ""//cdn.shopify.com/s/files/1/0627/9164/7477/files/glossier-bdc-coconut-carousel-07.png?v=1744899495"", ""//cdn.shopify.com/s/files/1/0627/9164/7477/files/glossier-bdc-coconut-carousel-08.png?v=1744899495"", ""//cdn.shopify.com/s/files/1/0627/9164/7477/files/glossier-bdc-birthday-carousel-1.png?v=1744899495"", ""//cdn.shopify.com/s/files/1/0627/9164/7477/files/glossier-bdc-birthday-carousel-2.png?v=1744899495"", ""//cdn.shopify.com/s/files/1/0627/9164/7477/files/glossier-bdc-birthday-carousel-03_03882f21-5f58-4875-8dd7-cf10b845fc54.png?v=1744899495"", ""//cdn.shopify.com/s/files/1/0627/9164/7477/files/glossier-bdc-birthday-carousel-04_8160bb5e-1deb-49ab-9d5d-5a6bc22c73a3.png?v=1744899495"", ""//cdn.shopify.com/s/files/1/0627/9164/7477/files/glossier-bdc-birthday-carousel-05_ae46fdd2-9ec5-4413-9fc0-0f72df67d2a4.png?v=1744899495"", ""//cdn.shopify.com/s/files/1/0627/9164/7477/files/glossier-bdc-birthday-carousel-07_88a7907b-cab2-47a0-bf07-5bdb0c00f793.png?v=1744899495"", ""//cdn.shopify.com/s/files/1/0627/9164/7477/files/glossier-bdc-birthday-carousel-08_85a8caaa-df71-4395-a7f8-1842be6c4762.png?v=1744899495"", ""//cdn.shopify.com/s/files/1/0627/9164/7477/files/glossier-bdc-lavender-carousel-1.png?v=1744899495"", ""//cdn.shopify.com/s/files/1/0627/9164/7477/files/glossier-bdc-lavender-carousel-2.png?v=1744899495"", ""//cdn.shopify.com/s/files/1/0627/9164/7477/files/glossier-bdc-lavender-carousel-3.png?v=1744899495"", ""//cdn.shopify.com/s/files/1/0627/9164/7477/files/glossier-bdc-lavender-carousel-5.png?v=1744899495"", ""//cdn.shopify.com/s/files/1/0627/9164/7477/files/glossier-bdc-lavender-carousel-04_5498d48c-b0ef-4125-b1d6-7293350d022f.png?v=1744899495"", ""//cdn.shopify.com/s/files/1/0627/9164/7477/files/glossier-bdc-lavender-carousel-07_07dbe2e9-5933-40fc-8f6f-6734036950f1.png?v=1744899495"", ""//cdn.shopify.com/s/files/1/0627/9164/7477/files/glossier-bdc-strawberry-carousel-1.png?v=1744899495"", ""//cdn.shopify.com/s/files/1/0627/9164/7477/files/glossier-bdc-strawberry-carousel-2.png?v=1744899495"", ""//cdn.shopify.com/s/files/1/0627/9164/7477/files/glossier-bdc-strawberry-carousel-03_f2d44566-8bcc-43f5-86c1-f808e51e6e89.png?v=1744899495"", ""//cdn.shopify.com/s/files/1/0627/9164/7477/files/glossier-bdc-strawberry-carousel-04.png?v=1744899495"", ""//cdn.shopify.com/s/files/1/0627/9164/7477/files/glossier-bdc-strawberry-carousel-05.png?v=1744899495"", ""//cdn.shopify.com/s/files/1/0627/9164/7477/files/glossier-bdc-strawberry-carousel-06.png?v=1744899495"", ""//cdn.shopify.com/s/files/1/0627/9164/7477/files/glossier-bdc-strawberry-carousel-08.png?v=1744899495"", ""//cdn.shopify.com/s/files/1/0627/9164/7477/files/glossier-bdc-original-carousel-1.png?v=1744899495"", ""//cdn.shopify.com/s/files/1/0627/9164/7477/files/glossier-bdc-original-carousel-2.png?v=1744899495"", ""//cdn.shopify.com/s/files/1/0627/9164/7477/files/glossier-bdc-original-carousel-03_43d39b41-0c51-4ce0-9556-e93e2226c389.png?v=1744899495"", ""//cdn.shopify.com/s/files/1/0627/9164/7477/files/glossier-bdc-original-carousel-04.png?v=1744899495"", ""//cdn.shopify.com/s/files/1/0627/9164/7477/files/glossier-bdc-original-carousel-05.png?v=1744899495"", ""//cdn.shopify.com/s/files/1/0627/9164/7477/files/glossier-bdc-original-carousel-07.png?v=1744899495"", ""//cdn.shopify.com/s/files/1/0627/9164/7477/files/glossier-bdc-original-carousel-08.png?v=1744899495"", ""//cdn.shopify.com/s/files/1/0627/9164/7477/files/glossier-bdc-mango-carousel-1.png?v=1744899495"", ""//cdn.shopify.com/s/files/1/0627/9164/7477/files/glossier-bdc-mango-carousel-2.png?v=1744899495"", ""//cdn.shopify.com/s/files/1/0627/9164/7477/files/glossier-bdc-mango-carousel-03_9a3e6f3b-0e53-4d99-a450-99361bdd1e1e.png?v=1744899495"", ""//cdn.shopify.com/s/files/1/0627/9164/7477/files/glossier-bdc-skincare-mango-carousel-04.png?v=1744899495"", ""//cdn.shopify.com/s/files/1/0627/9164/7477/files/glossier-bdc-skincare-mango-carousel-0.png?v=1744899495"", ""//cdn.shopify.com/s/files/1/0627/9164/7477/files/glossier-bdc-skincare-mango-carousel-07.png?v=1744899495"", ""//cdn.shopify.com/s/files/1/0627/9164/7477/files/glossier-bdc-skincare-mango-carousel-08.png?v=1744899495"", ""//cdn.shopify.com/s/files/1/0627/9164/7477/files/glossier-bdc-mint-carousel-1.png?v=1744899495"", ""//cdn.shopify.com/s/files/1/0627/9164/7477/files/glossier-bdc-skincare-skincare-mint-carousel-02.png?v=1744899495"", ""//cdn.shopify.com/s/files/1/0627/9164/7477/files/glossier-bdc-mint-carousel-3.png?v=1744899495"", ""//cdn.shopify.com/s/files/1/0627/9164/7477/files/glossier-bdc-mint-carousel-04_21e65a81-8989-43bb-814b-6bafbb1b5059.png?v=1744899495"", ""//cdn.shopify.com/s/files/1/0627/9164/7477/files/glossier-bdc-mint-carousel-5.png?v=1744899495"", ""//cdn.shopify.com/s/files/1/0627/9164/7477/files/glossier-bdc-skincare-skincare-mint-carousel-07_bb5c319a-41a2-415a-b511-8082f7cf2e9d.png?v=1744899495"", ""//cdn.shopify.com/s/files/1/0627/9164/7477/files/glossier-bdc-black-cherry-carousel-01.png?v=1744899495"", ""//cdn.shopify.com/s/files/1/0627/9164/7477/files/glossier-bdc-blackcherry-carousel-02.png?v=1770403463"", ""//cdn.shopify.com/s/files/1/0627/9164/7477/files/glossier-bdc-black-cherry-carousel-3.png?v=1770403369"", ""//cdn.shopify.com/s/files/1/0627/9164/7477/files/glossier-bdc-blackcherry-carousel-05.png?v=1744899495"", ""//cdn.shopify.com/s/files/1/0627/9164/7477/files/glossier-bdc-black-cherry-carousel-06.png?v=1744899495"", ""//cdn.shopify.com/s/files/1/0627/9164/7477/files/glossier-bdc-black-cherry-carousel-09.png?v=1744899495"", ""//cdn.shopify.com/s/files/1/0627/9164/7477/files/glossier-bdc-black-cherry-carousel-11.png?v=1744899495"", ""//cdn.shopify.com/s/files/1/0627/9164/7477/files/glossier-bdc-espresso-carousel-01.png?v=1744899495"", ""//cdn.shopify.com/s/files/1/0627/9164/7477/files/glossier-bdc-espresso-carousel-02.png?v=1744899495"", ""//cdn.shopify.com/s/files/1/0627/9164/7477/files/glossier-bdc-espresso-carousel-03.png?v=1744899495"", ""//cdn.shopify.com/s/files/1/0627/9164/7477/files/glossier-bdc-espresso-carousel-04.png?v=1744899495"", ""//cdn.shopify.com/s/files/1/0627/9164/7477/files/glossier-bdc-espresso-carousel-05.png?v=1744899495"", ""//cdn.shopify.com/s/files/1/0627/9164/7477/files/glossier-bdc-espresso-carousel-06.png?v=1744899495"", ""//cdn.shopify.com/s/files/1/0627/9164/7477/files/glossier-bdc-espresso-carousel-08.png?v=1744899495"", ""//cdn.shopify.com/s/files/1/0627/9164/7477/files/glossier-bdc-espresso-carousel-09.png?v=1744899495"", ""//cdn.shopify.com/s/files/1/0627/9164/7477/files/glossier-bdc-espresso-carousel-10.png?v=1744899495"", ""//cdn.shopify.com/s/files/1/0627/9164/7477/files/glossier-bdc-espresso-carousel-11.png?v=1744899495"", ""//cdn.shopify.com/s/files/1/0627/9164/7477/files/glossier-bdc-espresso-carousel-12.png?v=1744899495"", ""//cdn.shopify.com/s/files/1/0627/9164/7477/files/glossier-bdc-banana-carousel-02.png?v=1750878335"", ""//cdn.shopify.com/s/files/1/0627/9164/7477/files/glossier-bdc-banana-carousel-03.png?v=1750878335"", ""//cdn.shopify.com/s/files/1/0627/9164/7477/files/glossier-bdc-banana-carousel-04.png?v=1750878335"", ""//cdn.shopify.com/s/files/1/0627/9164/7477/files/glossier-bdc-banana-carousel-05.png?v=1750878335"", ""//cdn.shopify.com/s/files/1/0627/9164/7477/files/glossier-bdc-banana-carousel-06.png?v=1750878335"", ""//cdn.shopify.com/s/files/1/0627/9164/7477/files/glossier-bdc-banana-carousel-07.png?v=1750878335"", ""//cdn.shopify.com/s/files/1/0627/9164/7477/files/glossier-bdc-banana-carousel-08.png?v=1750878335"", ""//cdn.shopify.com/s/files/1/0627/9164/7477/files/glossier-bdc-banana-carousel-09.png?v=1750878335"", ""//cdn.shopify.com/s/files/1/0627/9164/7477/files/glossier-holiday-bdc-sparkling-rose-carousel-02.png?v=1758649774"", ""//cdn.shopify.com/s/files/1/0627/9164/7477/files/glossier-holiday-bdc-sparkling-rose-carousel-03.png?v=1758649774"", ""//cdn.shopify.com/s/files/1/0627/9164/7477/files/glossier-holiday-bdc-sparkling-rose-carousel-04.png?v=1758649774"", ""//cdn.shopify.com/s/files/1/0627/9164/7477/files/glossier-holiday-bdc-sparkling-rose-carousel-06.png?v=1758649774"", ""//cdn.shopify.com/s/files/1/0627/9164/7477/files/glossier-holiday-bdc-sparkling-rose-carousel-07.png?v=1763493659"", ""//cdn.shopify.com/s/files/1/0627/9164/7477/files/glossier-holiday-bdc-sparkling-rose-carousel-08.png?v=1763493659"", ""//cdn.shopify.com/s/files/1/0627/9164/7477/files/glossier-holiday-bdc-sparkling-rose-carousel-09.png?v=1763493659"", ""//cdn.shopify.com/s/files/1/0627/9164/7477/files/glossier-holiday-bdc-sparkling-rose-carousel-10.png?v=1763493659"", ""//cdn.shopify.com/s/files/1/0627/9164/7477/files/glossier-holiday-peppermint-bark-carousel-02.png?v=1763493879"", ""//cdn.shopify.com/s/files/1/0627/9164/7477/files/glossier-holiday-peppermint-bark-carousel-03.png?v=1763493879"", ""//cdn.shopify.com/s/files/1/0627/9164/7477/files/glossier-holiday-peppermint-bark-carousel-04.png?v=1763493879"", ""//cdn.shopify.com/s/files/1/0627/9164/7477/files/glossier-holiday-peppermint-bark-carousel-05.png?v=1763493879"", ""//cdn.shopify.com/s/files/1/0627/9164/7477/files/glossier-holiday-peppermint-bark-carousel-06.png?v=1763493879"", ""//cdn.shopify.com/s/files/1/0627/9164/7477/files/glossier-holiday-peppermint-bark-carousel-07.png?v=1763493879"", ""//cdn.shopify.com/s/files/1/0627/9164/7477/files/glossier-holiday-peppermint-bark-carousel-08.png?v=1763493879"", ""//cdn.shopify.com/s/files/1/0627/9164/7477/files/glossier-holiday-pepperming-bdc-carousel-09.png?v=1763493879"", ""//cdn.shopify.com/s/files/1/0627/9164/7477/files/glossier-holiday-gingersnap-carousel-02.png?v=1763493879"", ""//cdn.shopify.com/s/files/1/0627/9164/7477/files/glossier-holiday-gingersnap-carousel-03.png?v=1763493879"", ""//cdn.shopify.com/s/files/1/0627/9164/7477/files/glossier-holiday-gingersnap-carousel-04.png?v=1763493879"", ""//cdn.shopify.com/s/files/1/0627/9164/7477/files/glossier-holiday-gingersnap-carousel-05.png?v=1763493879"", ""//cdn.shopify.com/s/files/1/0627/9164/7477/files/glossier-holiday-gingersnap-carousel-06.png?v=1763493879"", ""//cdn.shopify.com/s/files/1/0627/9164/7477/files/glossier-holiday-gingersnap-carousel-07.png?v=1763493879"", ""//cdn.shopify.com/s/files/1/0627/9164/7477/files/glossier-holiday-gingersnap-bdc-carousel-07.png?v=1763493879"", ""//cdn.shopify.com/s/files/1/0627/9164/7477/files/glossier-holiday-hotcocoa-bdc-carousel-02.png?v=1763493879"", ""//cdn.shopify.com/s/files/1/0627/9164/7477/files/glossier-holiday-hotcocoa-bdc-carousel-03.png?v=1763493879"", ""//cdn.shopify.com/s/files/1/0627/9164/7477/files/glossier-holiday-hotcocoa-bdc-carousel-04.png?v=1763493879"", ""//cdn.shopify.com/s/files/1/0627/9164/7477/files/glossier-holiday-hotcocoa-bdc-carousel-05.png?v=1763493879"", ""//cdn.shopify.com/s/files/1/0627/9164/7477/files/glossier-holiday-hotcocoa-bdc-carousel-06.png?v=1763493879"", ""//cdn.shopify.com/s/files/1/0627/9164/7477/files/glossier-holiday-hotcocoa-bdc-carousel-07.png?v=1763493879"", ""//cdn.shopify.com/s/files/1/0627/9164/7477/files/glossier-holiday-hotcocoa-bdc-carousel-08.png?v=1763493879"", ""//cdn.shopify.com/s/files/1/0627/9164/7477/files/glossier-holiday-hotcocoa-bdc-carousel-09.png?v=1763493879"", ""//cdn.shopify.com/s/files/1/0627/9164/7477/files/glossier-holiday-cookiebutter-bdc-carousel-02.png?v=1763493879"", ""//cdn.shopify.com/s/files/1/0627/9164/7477/files/glossier-holiday-cookiebutter-bdc-carousel-03.png?v=1763493879"", ""//cdn.shopify.com/s/files/1/0627/9164/7477/files/glossier-holiday-cookiebutter-bdc-carousel-04.png?v=1763493879"", ""//cdn.shopify.com/s/files/1/0627/9164/7477/files/glossier-holiday-cookiebutter-bdc-carousel-05.png?v=1763493879"", ""//cdn.shopify.com/s/files/1/0627/9164/7477/files/glossier-holiday-cookiebutter-bdc-carousel-06.png?v=1763493879"", ""//cdn.shopify.com/s/files/1/0627/9164/7477/files/glossier-holiday-cookiebutter-bdc-carousel-07.png?v=1763493879"", ""//cdn.shopify.com/s/files/1/0627/9164/7477/files/glossier-holiday-cookiebutter-bdc-carousel-08.png?v=1763493879"", ""//cdn.shopify.com/s/files/1/0627/9164/7477/files/glossier-iheartny-balm-carousel-01.png?v=1783700209"", ""//cdn.shopify.com/s/files/1/0627/9164/7477/files/glossier-iheartny-balm-carousel-01_40c8d83d-8eda-49d3-bcbf-21bf218e14ab-01.png?v=1784033584"", ""//cdn.shopify.com/s/files/1/0627/9164/7477/files/glossier-0815-iheartny-balm-carousel-02.png?v=1786740346"", ""//cdn.shopify.com/s/files/1/0627/9164/7477/files/glossier-0814-iheartny-balm-carousel-09.png?v=1786726541"", ""//cdn.shopify.com/s/files/1/0627/9164/7477/files/glossier-iheartny-balm-carousel-03.png?v=1783977920"", ""//cdn.shopify.com/s/files/1/0627/9164/7477/files/glossier-iheartny-balm-carousel-04.png?v=1783977920"", ""//cdn.shopify.com/s/files/1/0627/9164/7477/files/glossier-iheartny-balm-carousel-05.png?v=1783977920"", ""//cdn.shopify.com/s/files/1/0627/9164/7477/files/glossier-iheartny-balm-carousel-06.png?v=1783977920"", ""//cdn.shopify.com/s/files/1/0627/9164/7477/files/glossier-iheartny-balm-carousel-07.png?v=1783977920"", ""//cdn.shopify.com/s/files/1/0627/9164/7477/files/glossier-iheartny-balm-carousel-08.png?v=1783977920"", ""//cdn.shopify.com/s/files/1/0627/9164/7477/files/glossier-iheartny-balm-carousel-10.png?v=1783977920"", ""//cdn.shopify.com/s/files/1/0627/9164/7477/files/glossier-iheartny-balm-carousel-11.png?v=1783977920"", ""//cdn.shopify.com/s/files/1/0627/9164/7477/files/glossier-iheartny-balm-carousel-12.png?v=1783977920""]",https://www.glossier.com/en-in/products/balm-dotcom,190000,2026-10-02T12:27:48.726473+00:00,"Instant nourishment with addictive taste. Our cult-favorite, do-everything lip balm. Swipe on for hydration you can feel and taste with a formula rich in antioxidants and natural emollients to nourish dryness. Key Ingredients: A hydrating lip balm packed with antioxidants + natural emollients to nourish dry, chafed skin. Castor Seed Oil Beeswax Lanolin Phyto-Antioxidant Blend Product Details: Moisturizing Nourishing Cruelty-free"
Balm Dotcom Trio,9151050449141,"[""//cdn.shopify.com/s/files/1/0627/9164/7477/files/BDC_Trio_-_I_3NY_birthday_blackcherry.png?v=1788208005"", ""//cdn.shopify.com/s/files/1/0627/9164/7477/files/glossier-iheartny-bdc-trio-carousel-02_427b3436-63a6-423a-9838-446fcb39a972_02.png?v=1790214437"", ""//cdn.shopify.com/s/files/1/0627/9164/7477/files/glossier-iheartny-bdc-trio-carousel-04_1aaa8b8e-d2ee-4161-a328-99666fe46ce5.png?v=1784582723"", ""//cdn.shopify.com/s/files/1/0627/9164/7477/files/glossier-iheartny-bdc-trio-carousel-05_66da3348-9ae3-4638-aa45-b2981b8973d3.png?v=1784582722"", ""//cdn.shopify.com/s/files/1/0627/9164/7477/files/glossier-iheartny-bdc-trio-carousel-06_81576623-1cb8-467f-a608-8c05009766a4.png?v=1784582723"", ""//cdn.shopify.com/s/files/1/0627/9164/7477/files/glossier-iheartny-bdc-trio-carousel-07_ff0d52a1-a34b-44b5-8343-51ae42cd9fcc.png?v=1784582722""]",https://www.glossier.com/en-in/products/balm-dotcom-trio,480000,2026-10-02T12:27:48.726473+00:00,"universal skin salve, lip care, lip balm, glossier balm dotcom"
Birthday Cake Candle,8784192995573,"[""//cdn.shopify.com/s/files/1/0627/9164/7477/files/glossier-birthday-candle-carousel-01.png?v=1762201532"", ""//cdn.shopify.com/s/files/1/0627/9164/7477/files/glossier-birthday-candle-carousel-03.png?v=1727205085"", ""//cdn.shopify.com/s/files/1/0627/9164/7477/files/glossier-birthday-candle-carousel-04.png?v=1727205086""]",https://www.glossier.com/en-in/products/birthday-cake-candle,570000,2026-10-02T12:27:48.726473+00:00,
Body Hero Dry-Touch Oil Mist,8035305980149,"[""//cdn.shopify.com/s/files/1/0627/9164/7477/files/glossier-bodyhero-oilmoist-carousel-01.png?v=1762887218"", ""//cdn.shopify.com/s/files/1/0627/9164/7477/files/glossier-bodyhero-oilmoist-carousel-02.png?v=1762887219"", ""//cdn.shopify.com/s/files/1/0627/9164/7477/files/glossier-bodyhero-oilmoist-carousel-03.png?v=1762887219"", ""//cdn.shopify.com/s/files/1/0627/9164/7477/files/glossier-bodyhero-oilmoist-carousel-04.png?v=1762887219"", ""//cdn.shopify.com/s/files/1/0627/9164/7477/files/glossier-bodyhero-oilmoist-carousel-05.png?v=1762887219"", ""//cdn.shopify.com/s/files/1/0627/9164/7477/files/glossier-bodyhero-oilmoist-carousel-06.png?v=1762887219""]",https://www.glossier.com/en-in/products/body-hero-dry-touch-oil-mist,340000,2026-10-02T12:27:48.726473+00:00,"A quick escape into luxury. Escape into luxury with the Body Hero you love, in a transportive dry-touch mist. With an intoxicating Orange Blossom Neroli scent, this ultra-fine body oil packed with Sea Fennel Extract and a blend of three antioxidant-rich oils—Sunflower Seed, Grapeseed, and Oat—instantly moisturizes while smoothing and evening skin tone and improving all over radiance. The formula absorbs fast with zero residue, stickiness, or awkward naked dry-down time (so you can put your clothes on quicker). Plus, the sparkling, subtle aroma lingers just enough for that just-got-back-from vacation scent and glow. Product Details: Cruelty Free Nourishing Vegan Fast absorption Softening Key Ingredients: A super lightweight blend of vitamin and antioxidant-rich natural oils moisturize and brighten, settling to a touchable, non-greasy finish. Grapeseed Oil Sunflower Seed Oil Sea Fennel Extract Orange Blossom Neroli Blend"
Body Hero Exfoliating Bar,8035305324789,"[""//cdn.shopify.com/s/files/1/0627/9164/7477/products/glossier-body-exfoliating-carousel-01.png?v=1762200225"", ""//cdn.shopify.com/s/files/1/0627/9164/7477/products/glossier-body-exfoliating-carousel-02.png?v=1681481418"", ""//cdn.shopify.com/s/files/1/0627/9164/7477/products/glossier-body-exfoliating-carousel-04.png?v=1681481418"", ""//cdn.shopify.com/s/files/1/0627/9164/7477/products/glossier-body-exfoliating-carousel-05.png?v=1681481418"", ""//cdn.shopify.com/s/files/1/0627/9164/7477/products/glossier-body-exfoliating-carousel-06.png?v=1681481418"", ""//cdn.shopify.com/s/files/1/0627/9164/7477/products/glossier-body-exfoliating-carousel-07.png?v=1681481418""]",https://www.glossier.com/en-in/products/body-hero-exfoliating-bar,210000,2026-10-02T12:27:48.726473+00:00,"Raising the bar on exfoliation. Our ergonomically-designed, no-mess body scrub bar fits in the palm of your hand and sloughs away dead skin and dryness to reveal baby-smooth skin. Finely-milled, biodegradable Bamboo Powder provides powerful (yet never painfully powerful) scrub action that exfoliates for skin that feels instantly softer and smoother. Sunflower Seed Oil and Aloe Leaf juice lock in moisture, so you’ll never feel that stripped soapy feeling, while Orange Blossom Neroli Blend adds the fresh, sparkling scent of pear, mandarin, and cypress. Don’t forget to inhale, exhale, and relax for an instant shower (or bubble bath) upgrade. Product Details: Cruelty Free Vegan Smoothing Softening Key Ingredients: Bamboo Powder Sunflower Seed Oil Aloe Leaf Juice Orange Blossom Neroli Blend"
Body Spritz,9089546780917,"[""//cdn.shopify.com/s/files/1/0627/9164/7477/files/glossier-body-spritz-obn-carousel-01.png?v=1762202213"", ""//cdn.shopify.com/s/files/1/0627/9164/7477/files/glossier-0930-body-spritz-obn-carousel-02.png?v=1790800811"", ""//cdn.shopify.com/s/files/1/0627/9164/7477/files/glossier-body-spritz-sandstone-carousel-01.png?v=1748963845"", ""//cdn.shopify.com/s/files/1/0627/9164/7477/files/glossier-0930-body-spritz-sandstone-carousel-02.png?v=1790801209"", ""//cdn.shopify.com/s/files/1/0627/9164/7477/files/glossier-holiday-lilyhaze-spritz-carousel-01.png?v=1758650254"", ""//cdn.shopify.com/s/files/1/0627/9164/7477/files/glossier-holiday-lilyhaze-spritz-carousel-02.png?v=1758650254"", ""//cdn.shopify.com/s/files/1/0627/9164/7477/files/glossier-holiday-lilyhaze-spritz-carousel-03.png?v=1758650254"", ""//cdn.shopify.com/s/files/1/0627/9164/7477/files/glossier-holiday-lilyhaze-spritz-carousel-04.png?v=1758650254"", ""//cdn.shopify.com/s/files/1/0627/9164/7477/files/glossier-holiday-lilyhaze-spritz-carousel-05.png?v=1758650254"", ""//cdn.shopify.com/s/files/1/0627/9164/7477/files/glossier-holiday-lilyhaze-spritz-carousel-06.png?v=1758650254"", ""//cdn.shopify.com/s/files/1/0627/9164/7477/files/glossier-holiday-lilyhaze-spritz-carousel-07.png?v=1758650254""]",https://www.glossier.com/en-in/products/body-spritz,400000,2026-10-02T12:27:48.726473+00:00,"Escape with a spritz. A playful, sheer fragranced hair and body mist designed to be experimented with, layered, and spritzed throughout the day as a quick scent escape and refresh. Available in three iconic scents. Scent Notes: Orange Blossom Neroli is vibrant + invigorating Top: Bergamot, Pear Water Heart: Orange Flower, Neroli Buds Base: Fresh Cypress, Soft Musks Sandstone is grounding + aromatic Top: Fig Leaf, Lavandin Heart: Clary Sage, Geranium Base: Sandalwood, Coconut Milk Product details : 100ml fill size, Vegan"
Boy Brow,8058325532917,"[""//cdn.shopify.com/s/files/1/0627/9164/7477/files/glossier-0917-boy-brow-black-carousel-1.png?v=1789652768"", ""//cdn.shopify.com/s/files/1/0627/9164/7477/files/glossier-boy-brow-black-carousel-2.png?v=1787604506"", ""//cdn.shopify.com/s/files/1/0627/9164/7477/files/glossier-boy-brow-black-carousel-3.png?v=1787604506"", ""//cdn.shopify.com/s/files/1/0627/9164/7477/files/glossier-boy-brow-black-carousel-4.png?v=1787604506"", ""//cdn.shopify.com/s/files/1/0627/9164/7477/files/glossier-boy-brow-black-carousel-5.png?v=1787604507"", ""//cdn.shopify.com/s/files/1/0627/9164/7477/files/glossier-boy-brow-black-carousel-6.png?v=1787604506"", ""//cdn.shopify.com/s/files/1/0627/9164/7477/files/glossier-boy-brow-black-carousel-7.png?v=1787604506"", ""//cdn.shopify.com/s/files/1/0627/9164/7477/files/glossier-boy-brow-black-carousel-8.png?v=1787604506"", ""//cdn.shopify.com/s/files/1/0627/9164/7477/files/glossier-boy-brow-black-carousel-9.png?v=1787604506"", ""//cdn.shopify.com/s/files/1/0627/9164/7477/files/glossier-0917-boy-brow-dark-brown-carousel-1.png?v=1789652768"", ""//cdn.shopify.com/s/files/1/0627/9164/7477/files/glossier-boy-brow-dark-brown-carousel-2.png?v=1787604589"", ""//cdn.shopify.com/s/files/1/0627/9164/7477/files/glossier-boy-brow-dark-brown-carousel-3.png?v=1787604589"", ""//cdn.shopify.com/s/files/1/0627/9164/7477/files/glossier-boy-brow-dark-brown-carousel-4.png?v=1787604589"", ""//cdn.shopify.com/s/files/1/0627/9164/7477/files/glossier-boy-brow-dark-brown-carousel-5.png?v=1787604588"", ""//cdn.shopify.com/s/files/1/0627/9164/7477/files/glossier-boy-brow-dark-brown-carousel-6.png?v=1787604589"", ""//cdn.shopify.com/s/files/1/0627/9164/7477/files/glossier-boy-brow-dark-brown-carousel-7.png?v=1787604589"", ""//cdn.shopify.com/s/files/1/0627/9164/7477/files/glossier-boy-brow-dark-brown-carousel-8.png?v=1787604589"", ""//cdn.shopify.com/s/files/1/0627/9164/7477/files/glossier-boy-brow-dark-brown-carousel-9.png?v=1787604588"", ""//cdn.shopify.com/s/files/1/0627/9164/7477/files/glossier-0917-boy-brow-brown-carousel-1.png?v=1789652768"", ""//cdn.shopify.com/s/files/1/0627/9164/7477/files/glossier-boy-brow-brown-carousel-2.png?v=1787604661"", ""//cdn.shopify.com/s/files/1/0627/9164/7477/files/glossier-boy-brow-brown-carousel-3.png?v=1787604660"", ""//cdn.shopify.com/s/files/1/0627/9164/7477/files/glossier-boy-brow-brown-carousel-4.png?v=1787604661"", ""//cdn.shopify.com/s/files/1/0627/9164/7477/files/glossier-boy-brow-brown-carousel-5.png?v=1787604661"", ""//cdn.shopify.com/s/files/1/0627/9164/7477/files/glossier-boy-brow-brown-carousel-6.png?v=1787604661"", ""//cdn.shopify.com/s/files/1/0627/9164/7477/files/glossier-boy-brow-brown-carousel-7.png?v=1787604660"", ""//cdn.shopify.com/s/files/1/0627/9164/7477/files/glossier-boy-brow-brown-carousel-8.png?v=1787604661"", ""//cdn.shopify.com/s/files/1/0627/9164/7477/files/glossier-boy-brow-brown-carousel-9.png?v=1787604661"", ""//cdn.shopify.com/s/files/1/0627/9164/7477/files/glossier-0917-boy-brow-auburn-carousel-1.png?v=1789652768"", ""//cdn.shopify.com/s/files/1/0627/9164/7477/files/glossier-boy-brow-auburn-carousel-2.png?v=1787604737"", ""//cdn.shopify.com/s/files/1/0627/9164/7477/files/glossier-boy-brow-auburn-carousel-3.png?v=1787604737"", ""//cdn.shopify.com/s/files/1/0627/9164/7477/files/glossier-boy-brow-auburn-carousel-4.png?v=1787604738"", ""//cdn.shopify.com/s/files/1/0627/9164/7477/files/glossier-boy-brow-auburn-carousel-5.png?v=1787604737"", ""//cdn.shopify.com/s/files/1/0627/9164/7477/files/glossier-boy-brow-auburn-carousel-6.png?v=1787604738"", ""//cdn.shopify.com/s/files/1/0627/9164/7477/files/glossier-boy-brow-auburn-carousel-7.png?v=1787604737"", ""//cdn.shopify.com/s/files/1/0627/9164/7477/files/glossier-boy-brow-auburn-carousel-8.png?v=1787604737"", ""//cdn.shopify.com/s/files/1/0627/9164/7477/files/glossier-boy-brow-auburn-carousel-9.png?v=1787604737"", ""//cdn.shopify.com/s/files/1/0627/9164/7477/files/glossier-0917-boy-brow-blond-carousel-1.png?v=1789652768"", ""//cdn.shopify.com/s/files/1/0627/9164/7477/files/glossier-boy-brow-blond-carousel-2.png?v=1787604820"", ""//cdn.shopify.com/s/files/1/0627/9164/7477/files/glossier-boy-brow-blond-carousel-3.png?v=1787604820"", ""//cdn.shopify.com/s/files/1/0627/9164/7477/files/glossier-boy-brow-blond-carousel-4.png?v=1787604820"", ""//cdn.shopify.com/s/files/1/0627/9164/7477/files/glossier-boy-brow-blond-carousel-5.png?v=1787604820"", ""//cdn.shopify.com/s/files/1/0627/9164/7477/files/glossier-boy-brow-blond-carousel-6.png?v=1787604820"", ""//cdn.shopify.com/s/files/1/0627/9164/7477/files/glossier-boy-brow-blond-carousel-7.png?v=1787604820"", ""//cdn.shopify.com/s/files/1/0627/9164/7477/files/glossier-boy-brow-blond-carousel-8.png?v=1787604820"", ""//cdn.shopify.com/s/files/1/0627/9164/7477/files/glossier-0917-boy-brow-grey-carousel-1_5b773226-ba4b-4582-979e-89623c908db2.png?v=1789653142"", ""//cdn.shopify.com/s/files/1/0627/9164/7477/files/glossier-boy-brow-grey-carousel-2.png?v=1787604900"", ""//cdn.shopify.com/s/files/1/0627/9164/7477/files/glossier-boy-brow-grey-carousel-3.png?v=1787604899"", ""//cdn.shopify.com/s/files/1/0627/9164/7477/files/glossier-boy-brow-grey-carousel-4.png?v=1787604900"", ""//cdn.shopify.com/s/files/1/0627/9164/7477/files/glossier-boy-brow-grey-carousel-5.png?v=1787604899"", ""//cdn.shopify.com/s/files/1/0627/9164/7477/files/glossier-boy-brow-grey-carousel-6.png?v=1787604899"", ""//cdn.shopify.com/s/files/1/0627/9164/7477/files/glossier-boy-brow-grey-carousel-7.png?v=1787604900"", ""//cdn.shopify.com/s/files/1/0627/9164/7477/files/glossier-boy-brow-grey-carousel-8.png?v=1787604900"", ""//cdn.shopify.com/s/files/1/0627/9164/7477/files/glossier-boy-brow-grey-carousel-9.png?v=1787604899"", ""//cdn.shopify.com/s/files/1/0627/9164/7477/files/glossier-boy-brow-clear-carousel-1_bcfad597-4e6b-4fef-a5ac-d03a82fbb7be.png?v=1789652768"", ""//cdn.shopify.com/s/files/1/0627/9164/7477/files/glossier-boy-brow-clear-carousel-2.png?v=1787604970"", ""//cdn.shopify.com/s/files/1/0627/9164/7477/files/glossier-boy-brow-clear-carousel-3.png?v=1787604970"", ""//cdn.shopify.com/s/files/1/0627/9164/7477/files/glossier-boy-brow-clear-carousel-4.png?v=1787604970"", ""//cdn.shopify.com/s/files/1/0627/9164/7477/files/glossier-boy-brow-clear-carousel-5.png?v=1787604970"", ""//cdn.shopify.com/s/files/1/0627/9164/7477/files/glossier-boy-brow-clear-carousel-6.png?v=1787604970"", ""//cdn.shopify.com/s/files/1/0627/9164/7477/files/glossier-boy-brow-clear-carousel-7.png?v=1787604969"", ""//cdn.shopify.com/s/files/1/0627/9164/7477/files/glossier-boy-brow-clear-carousel-8.png?v=1787604970"", ""//cdn.shopify.com/s/files/1/0627/9164/7477/files/glossier-boy-brow-clear-carousel-9.png?v=1787604969""]",https://www.glossier.com/en-in/products/boy-brow,250000,2026-10-02T12:27:48.726473+00:00,"The original, every-day essential for all brows. Inspired by the flexible formula of mustache pomade, Boy Brow visibly defines, thickens and shapes for face-framing brows in seconds. A creamy, conditioning formula and a precision brush coats even the smallest and finest hairs for a soft, flexible hold that won’t stiffen or flake. Available in a range of subtly-tinted shades that seamlessly blend in with your natural hairs plus Clear (that won’t leave a trace). Key ingredients : Ingredients that nourish and groom brows from root to tip. Beeswax and Carnauba Wax : Natural waxes that hold hairs in place without stiffness. Oleic Acid: An emollient found in olive oil that nourishes and moisturizes. Lecithin : Adds a silky, smooth texture and a subtle sheen. Hyaluronic Acid : A humectant which adds hydration and improves softness and flexibility to brow hairs. Product details: Dermatologist-tested, ophthalmologist-tested, suitable for contact lens wearers, good for all skin types Thickening Conditioning Flexible Cruelty Free"
Boy Brow Arch,8703842156789,"[""//cdn.shopify.com/s/files/1/0627/9164/7477/files/glossier-bba-auburn-carousel-01.png?v=1762201358"", ""//cdn.shopify.com/s/files/1/0627/9164/7477/files/glossier-bba-auburn-carousel-02.png?v=1722345709"", ""//cdn.shopify.com/s/files/1/0627/9164/7477/files/glossier-bba-auburn-carousel-03.png?v=1722345709"", ""//cdn.shopify.com/s/files/1/0627/9164/7477/files/glossier-bba-auburn-carousel-04.png?v=1722345709"", ""//cdn.shopify.com/s/files/1/0627/9164/7477/files/glossier-bba-auburn-carousel-05.png?v=1722345709"", ""//cdn.shopify.com/s/files/1/0627/9164/7477/files/glossier-bba-auburn-carousel-06.png?v=1722345709"", ""//cdn.shopify.com/s/files/1/0627/9164/7477/files/glossier-bba-auburn-carousel-07.png?v=1722345709"", ""//cdn.shopify.com/s/files/1/0627/9164/7477/files/glossier-bba-auburn-carousel-08.png?v=1722345709"", ""//cdn.shopify.com/s/files/1/0627/9164/7477/files/glossier-bba-black-carousel-01.png?v=1722346009"", ""//cdn.shopify.com/s/files/1/0627/9164/7477/files/glossier-bba-black-carousel-02.png?v=1722346009"", ""//cdn.shopify.com/s/files/1/0627/9164/7477/files/glossier-bba-black-carousel-03.png?v=1722346009"", ""//cdn.shopify.com/s/files/1/0627/9164/7477/files/glossier-bba-black-carousel-04.png?v=1722346009"", ""//cdn.shopify.com/s/files/1/0627/9164/7477/files/glossier-bba-black-carousel-05.png?v=1722346009"", ""//cdn.shopify.com/s/files/1/0627/9164/7477/files/glossier-bba-black-carousel-06.png?v=1722346009"", ""//cdn.shopify.com/s/files/1/0627/9164/7477/files/glossier-bba-black-carousel-07.png?v=1722346009"", ""//cdn.shopify.com/s/files/1/0627/9164/7477/files/glossier-bba-black-carousel-08.png?v=1722346009"", ""//cdn.shopify.com/s/files/1/0627/9164/7477/files/glossier-bba-cool-blond-carousel-01.png?v=1722346459"", ""//cdn.shopify.com/s/files/1/0627/9164/7477/files/glossier-bba-cool-blond-carousel-02.png?v=1722346459"", ""//cdn.shopify.com/s/files/1/0627/9164/7477/files/glossier-bba-cool-blond-carousel-03.png?v=1722346458"", ""//cdn.shopify.com/s/files/1/0627/9164/7477/files/glossier-bba-cool-blond-carousel-04.png?v=1722346459"", ""//cdn.shopify.com/s/files/1/0627/9164/7477/files/glossier-bba-cool-blond-carousel-05.png?v=1722346459"", ""//cdn.shopify.com/s/files/1/0627/9164/7477/files/glossier-bba-cool-blond-carousel-06.png?v=1722346459"", ""//cdn.shopify.com/s/files/1/0627/9164/7477/files/glossier-bba-cool-blond-carousel-07.png?v=1722346459"", ""//cdn.shopify.com/s/files/1/0627/9164/7477/files/glossier-bba-cool-blond-carousel-08.png?v=1722346459"", ""//cdn.shopify.com/s/files/1/0627/9164/7477/files/glossier-bba-cool-brown-carousel-01.png?v=1722346599"", ""//cdn.shopify.com/s/files/1/0627/9164/7477/files/glossier-bba-cool-brown-carousel-02.png?v=1722346599"", ""//cdn.shopify.com/s/files/1/0627/9164/7477/files/glossier-bba-cool-brown-carousel-03.png?v=1722346599"", ""//cdn.shopify.com/s/files/1/0627/9164/7477/files/glossier-bba-cool-brown-carousel-04.png?v=1722346599"", ""//cdn.shopify.com/s/files/1/0627/9164/7477/files/glossier-bba-cool-brown-carousel-05.png?v=1722346599"", ""//cdn.shopify.com/s/files/1/0627/9164/7477/files/glossier-bba-cool-brown-carousel-06.png?v=1722346599"", ""//cdn.shopify.com/s/files/1/0627/9164/7477/files/glossier-bba-cool-brown-carousel-07.png?v=1722346600"", ""//cdn.shopify.com/s/files/1/0627/9164/7477/files/glossier-bba-cool-brown-carousel-08.png?v=1722346599"", ""//cdn.shopify.com/s/files/1/0627/9164/7477/files/glossier-bba-cool-dark-brown-carousel-01.png?v=1722346676"", ""//cdn.shopify.com/s/files/1/0627/9164/7477/files/glossier-bba-cool-dark-brown-carousel-02.png?v=1722346677"", ""//cdn.shopify.com/s/files/1/0627/9164/7477/files/glossier-bba-cool-dark-brown-carousel-03.png?v=1722346676"", ""//cdn.shopify.com/s/files/1/0627/9164/7477/files/glossier-bba-cool-dark-brown-carousel-04.png?v=1722346676"", ""//cdn.shopify.com/s/files/1/0627/9164/7477/files/glossier-bba-cool-dark-brown-carousel-05.png?v=1722346676"", ""//cdn.shopify.com/s/files/1/0627/9164/7477/files/glossier-bba-cool-dark-brown-carousel-06.png?v=1722346677"", ""//cdn.shopify.com/s/files/1/0627/9164/7477/files/glossier-bba-cool-dark-brown-carousel-07.png?v=1722346676"", ""//cdn.shopify.com/s/files/1/0627/9164/7477/files/glossier-bba-cool-dark-brown-carousel-08.png?v=1722346676"", ""//cdn.shopify.com/s/files/1/0627/9164/7477/files/glossier-bba-grey-carousel-01.png?v=1722346715"", ""//cdn.shopify.com/s/files/1/0627/9164/7477/files/glossier-bba-grey-carousel-02.png?v=1722346715"", ""//cdn.shopify.com/s/files/1/0627/9164/7477/files/glossier-bba-grey-carousel-03.png?v=1722346716"", ""//cdn.shopify.com/s/files/1/0627/9164/7477/files/glossier-bba-grey-carousel-04.png?v=1722346715"", ""//cdn.shopify.com/s/files/1/0627/9164/7477/files/glossier-bba-grey-carousel-05.png?v=1722346716"", ""//cdn.shopify.com/s/files/1/0627/9164/7477/files/glossier-bba-grey-carousel-06.png?v=1722346715"", ""//cdn.shopify.com/s/files/1/0627/9164/7477/files/glossier-bba-grey-carousel-07.png?v=1722346715"", ""//cdn.shopify.com/s/files/1/0627/9164/7477/files/glossier-bba-grey-carousel-08.png?v=1722346716"", ""//cdn.shopify.com/s/files/1/0627/9164/7477/files/glossier-bba-warm-blond-carousel-01.png?v=1722346778"", ""//cdn.shopify.com/s/files/1/0627/9164/7477/files/glossier-bba-warm-blond-carousel-02.png?v=1722346778"", ""//cdn.shopify.com/s/files/1/0627/9164/7477/files/glossier-bba-warm-blond-carousel-03.png?v=1722346778"", ""//cdn.shopify.com/s/files/1/0627/9164/7477/files/glossier-bba-warm-blond-carousel-04.png?v=1722346778"", ""//cdn.shopify.com/s/files/1/0627/9164/7477/files/glossier-bba-warm-blond-carousel-05.png?v=1722346778"", ""//cdn.shopify.com/s/files/1/0627/9164/7477/files/glossier-bba-warm-blond-carousel-06.png?v=1722346777"", ""//cdn.shopify.com/s/files/1/0627/9164/7477/files/glossier-bba-warm-blond-carousel-07.png?v=1722346778"", ""//cdn.shopify.com/s/files/1/0627/9164/7477/files/glossier-bba-warm-blond-carousel-08.png?v=1722346778"", ""//cdn.shopify.com/s/files/1/0627/9164/7477/files/glossier-bba-warm-brown-carousel-01.png?v=1722346834"", ""//cdn.shopify.com/s/files/1/0627/9164/7477/files/glossier-bba-warm-brown-carousel-02.png?v=1722346835"", ""//cdn.shopify.com/s/files/1/0627/9164/7477/files/glossier-bba-warm-brown-carousel-03.png?v=1722346834"", ""//cdn.shopify.com/s/files/1/0627/9164/7477/files/glossier-bba-warm-brown-carousel-04.png?v=1722346835"", ""//cdn.shopify.com/s/files/1/0627/9164/7477/files/glossier-bba-warm-brown-carousel-05.png?v=1722346835"", ""//cdn.shopify.com/s/files/1/0627/9164/7477/files/glossier-bba-warm-brown-carousel-06.png?v=1722346835"", ""//cdn.shopify.com/s/files/1/0627/9164/7477/files/glossier-bba-warm-brown-carousel-07.png?v=1722346835"", ""//cdn.shopify.com/s/files/1/0627/9164/7477/files/glossier-bba-warm-brown-carousel-08.png?v=1722346835"", ""//cdn.shopify.com/s/files/1/0627/9164/7477/files/glossier-bba-warm-dark-brown-carousel-01.png?v=1722346841"", ""//cdn.shopify.com/s/files/1/0627/9164/7477/files/glossier-bba-warm-dark-brown-carousel-02.png?v=1722346841"", ""//cdn.shopify.com/s/files/1/0627/9164/7477/files/glossier-bba-warm-dark-brown-carousel-03.png?v=1722346841"", ""//cdn.shopify.com/s/files/1/0627/9164/7477/files/glossier-bba-warm-dark-brown-carousel-04.png?v=1722346841"", ""//cdn.shopify.com/s/files/1/0627/9164/7477/files/glossier-bba-warm-dark-brown-carousel-05.png?v=1722346841"", ""//cdn.shopify.com/s/files/1/0627/9164/7477/files/glossier-bba-warm-dark-brown-carousel-06.png?v=1722346841"", ""//cdn.shopify.com/s/files/1/0627/9164/7477/files/glossier-bba-warm-dark-brown-carousel-07.png?v=1722346841"", ""//cdn.shopify.com/s/files/1/0627/9164/7477/files/glossier-bba-warm-dark-brown-carousel-08.png?v=1722346841""]",https://www.glossier.com/en-in/products/boy-brow-arch,280000,2026-10-02T12:27:48.726473+00:00,"The pencil that knows your angles. Shape and define brows with a 2-in-1 custom tip shape offering a precision edge for hair-like flicks and flat edge to fill sparse areas. Key ingredients : The benefits of a traditional poured pomade –soft creamy texture, impactful color (without pulling or tugging!) and all day wear – in the ease and precision of a mechanical pencil. Coconut moisturizer : Ensures a smooth glide and nourishes your brows giving them a soft, smooth appearance. Botanical Clay Complex : Keeps pigments in place for comfortable, all day wear. Product details: Vegan, cruelty-free, dermatologist tested, suitable for all skin types including sensitive, ophthalmologist tested, suitable for sensitive eyes and contact lens wearers Water-resistant Smudge-resistant Transfer-resistant Sweat-resistant Humidity-resistant Longwearing for up to 12 hours"
Boy Brow Duo,9720388026613,"[""//cdn.shopify.com/s/files/1/0627/9164/7477/files/glossier-boy-brow-duo-set-carousel-01.png?v=1782217779"", ""//cdn.shopify.com/s/files/1/0627/9164/7477/files/glossier-boy-brow-duo-set-carousel-02.png?v=1782217779"", ""//cdn.shopify.com/s/files/1/0627/9164/7477/files/glossier-boy-brow-duo-set-carousel-03.png?v=1782217779"", ""//cdn.shopify.com/s/files/1/0627/9164/7477/files/glossier-boy-brow-duo-set-carousel-04.png?v=1782217779"", ""//cdn.shopify.com/s/files/1/0627/9164/7477/files/glossier-boy-brow-duo-set-carousel-05.png?v=1782217778"", ""//cdn.shopify.com/s/files/1/0627/9164/7477/files/glossier-boy-brow-duo-set-carousel-06.png?v=1782217779""]",https://www.glossier.com/en-in/products/boy-brow-duo,420000,2026-10-02T12:27:48.726473+00:00,
Care Package,9042584371445,"[""//cdn.shopify.com/s/files/1/0627/9164/7477/files/glossier-handcream-bdc-original-carousel-01.png?v=1772200522"", ""//cdn.shopify.com/s/files/1/0627/9164/7477/files/glossier-holiday-handcream_sparkling-bdc-set-carousel-2.png?v=1772200522"", ""//cdn.shopify.com/s/files/1/0627/9164/7477/files/glossier-holiday-handcream_sparkling-bdc-set-carousel-3.png?v=1772200522"", ""//cdn.shopify.com/s/files/1/0627/9164/7477/files/glossier-holiday-handcream_sparkling-bdc-set-carousel-4.png?v=1772200522"", ""//cdn.shopify.com/s/files/1/0627/9164/7477/files/glossier-holiday-handcream_sparkling-bdc-set-carousel-5.png?v=1772200522"", ""//cdn.shopify.com/s/files/1/0627/9164/7477/files/glossier-holiday-handcream_sparkling-bdc-set-carousel-6.png?v=1772200522"", ""//cdn.shopify.com/s/files/1/0627/9164/7477/files/glossier-holiday-handcream_sparkling-bdc-set-carousel-7.png?v=1772200522"", ""//cdn.shopify.com/s/files/1/0627/9164/7477/files/glossier-holiday-handcream_sparkling-bdc-set-carousel-8.png?v=1772200522""]",https://www.glossier.com/en-in/products/care-package,370000,2026-10-02T12:27:48.726473+00:00,
Classic Cap,8878915322101,"[""//cdn.shopify.com/s/files/1/0627/9164/7477/files/glossier-denimcap-carousel-01.png?v=1762201667"", ""//cdn.shopify.com/s/files/1/0627/9164/7477/files/glossier-denimcap-carousel-02.png?v=1731003793"", ""//cdn.shopify.com/s/files/1/0627/9164/7477/files/glossier-denimcap-carousel-03.png?v=1731003793"", ""//cdn.shopify.com/s/files/1/0627/9164/7477/files/glossier-denimcap-carousel-04.png?v=1731003793"", ""//cdn.shopify.com/s/files/1/0627/9164/7477/files/glossier-denimcap-carousel-05.png?v=1731003793"", ""//cdn.shopify.com/s/files/1/0627/9164/7477/files/glossier-pinkcap-carousel-01.png?v=1731003795"", ""//cdn.shopify.com/s/files/1/0627/9164/7477/files/glossier-pinkcap-carousel-02.png?v=1731003795"", ""//cdn.shopify.com/s/files/1/0627/9164/7477/files/glossier-pinkcap-carousel-03.png?v=1731003795"", ""//cdn.shopify.com/s/files/1/0627/9164/7477/files/glossier-pinkcap-carousel-04.png?v=1731003795"", ""//cdn.shopify.com/s/files/1/0627/9164/7477/files/glossier-pinkcap-carousel-05.png?v=1731003795"", ""//cdn.shopify.com/s/files/1/0627/9164/7477/files/cloud-paint-carousel-01.png?v=1732129523"", ""//cdn.shopify.com/s/files/1/0627/9164/7477/files/cloud-paint-carousel-02.png?v=1732129648"", ""//cdn.shopify.com/s/files/1/0627/9164/7477/files/cloud-paint-carousel-03.png?v=1732129648"", ""//cdn.shopify.com/s/files/1/0627/9164/7477/files/cloud-paint-carousel-04.png?v=1732129648"", ""//cdn.shopify.com/s/files/1/0627/9164/7477/files/cloud-paint-carousel-05.png?v=1732129648""]",https://www.glossier.com/en-in/products/classic-cap,340000,2026-10-02T12:27:48.726473+00:00,Top off your day. Say hello to our brand new caps! An everyday staple featuring a pre-curved visor and an embroidered design. Available in two variations. Materials : 100% Cotton. Made in China. Adjustable.
Cloud Paint,8955892400373,"[""//cdn.shopify.com/s/files/1/0627/9164/7477/files/glossier-cloud-paint-beam-carousel-01.png?v=1762200966"", ""//cdn.shopify.com/s/files/1/0627/9164/7477/files/glossier-cloudpaint-beam-2.png?v=1720705107"", ""//cdn.shopify.com/s/files/1/0627/9164/7477/files/glossier-cloudpaint-beam-carousel-03_3573328e-4851-40e3-bdfd-2c9922e9b41b.png?v=1720705107"", ""//cdn.shopify.com/s/files/1/0627/9164/7477/files/cloudp-beam-4_53e22f2b-a3dd-454e-80de-b2691419e35c.jpg?v=1720705107"", ""//cdn.shopify.com/s/files/1/0627/9164/7477/files/glossier-cloudpaint-beam-carousel-07_abcb3666-0253-4e31-87ee-f8d39ab1eab6.png?v=1720705107"", ""//cdn.shopify.com/s/files/1/0627/9164/7477/files/glossier-cloudpaint-beam-carousel-06_28cbf873-2b7b-440d-a8f4-1d0fc397cac2.png?v=1720705107"", ""//cdn.shopify.com/s/files/1/0627/9164/7477/files/glossier-cloud-paint-dawn-carousel-01.png?v=1720703921"", ""//cdn.shopify.com/s/files/1/0627/9164/7477/files/glossier-cloudpaint-dawn-02.png?v=1720705107"", ""//cdn.shopify.com/s/files/1/0627/9164/7477/files/glossier-cloudpaint-dawn-carousel-03_9a079c07-af23-4269-849a-59e59e974aaa.png?v=1720705107"", ""//cdn.shopify.com/s/files/1/0627/9164/7477/files/glossier-cloudpaint-dawn-carousel-04_9ffe358f-6b17-4d7b-98ac-6b097223ad33.png?v=1720705107"", ""//cdn.shopify.com/s/files/1/0627/9164/7477/files/glossier-cloudpaint-dawn-carousel-06_c5b96717-7dee-4f5a-b63e-96fe7e87ef10.png?v=1720705107"", ""//cdn.shopify.com/s/files/1/0627/9164/7477/files/glossier-cloudpaint-dawn-carousel-09_b7bb1dcd-fcc2-4ec3-98a9-69483552d4e8.png?v=1720705107"", ""//cdn.shopify.com/s/files/1/0627/9164/7477/files/glossier-cloud-paint-spark-carousel-01.png?v=1720703921"", ""//cdn.shopify.com/s/files/1/0627/9164/7477/files/glossier-cloudpaint-spark-02.png?v=1720705107"", ""//cdn.shopify.com/s/files/1/0627/9164/7477/files/glossier-cloudpaint-spark-carousel-03_bb4484b6-3d70-46cf-8e66-5abe97a5ce7a.png?v=1720705107"", ""//cdn.shopify.com/s/files/1/0627/9164/7477/files/glossier-cloudpaint-spark-carousel-04_9a310141-b6d7-48db-a11a-95a20df2a52d.png?v=1720705107"", ""//cdn.shopify.com/s/files/1/0627/9164/7477/files/glossier-cloudpaint-spark-carousel-06_bca1a998-01ce-447e-b917-1562a72581b2.png?v=1720705107"", ""//cdn.shopify.com/s/files/1/0627/9164/7477/files/glossier-cloudpaint-spark-carousel-07_581642da-ee70-44a1-bc0a-c93780e6c585.png?v=1720705107"", ""//cdn.shopify.com/s/files/1/0627/9164/7477/files/glossier-cloud-paint-puff-carousel-01.png?v=1720703922"", ""//cdn.shopify.com/s/files/1/0627/9164/7477/files/glossier-cloudpaint-puff-02.png?v=1720705107"", ""//cdn.shopify.com/s/files/1/0627/9164/7477/files/glossier-cloudpaint-puff-carousel-03_6482570a-4913-4b8c-a135-b71ce1889c3b.png?v=1720705107"", ""//cdn.shopify.com/s/files/1/0627/9164/7477/files/glossier-cloudpaint-puff-carousel-04_abfd8cc2-f7dd-45ff-a18d-b004872f2b9c.png?v=1720705107"", ""//cdn.shopify.com/s/files/1/0627/9164/7477/files/glossier-cloudpaint-puff-carousel-06_49396db7-bba5-4d4d-b69c-595f294694d8.png?v=1720705107"", ""//cdn.shopify.com/s/files/1/0627/9164/7477/files/glossier-cloudpaint-puff-carousel-07_d6f70d72-c7ec-4cfc-9491-5a2952a9c998.png?v=1720705107"", ""//cdn.shopify.com/s/files/1/0627/9164/7477/files/glossier-cloudpaint-puff-carousel-09_5d0436f3-ae7e-4aee-9c53-d80dd25d13fd.png?v=1720705107"", ""//cdn.shopify.com/s/files/1/0627/9164/7477/files/glossier-cloud-paint-dusk-carousel-01.png?v=1720703921"", ""//cdn.shopify.com/s/files/1/0627/9164/7477/files/glossier-cloudpaint-dusk-02.png?v=1720705107"", ""//cdn.shopify.com/s/files/1/0627/9164/7477/files/glossier-cloudpaint-dusk-carousel-03_7d739d1c-d209-4ead-81b7-f523efc04e03.png?v=1720705107"", ""//cdn.shopify.com/s/files/1/0627/9164/7477/files/glossier-cloudpaint-dusk-carousel-04_61461621-8256-46c2-8015-e20b99559c67.png?v=1720705107"", ""//cdn.shopify.com/s/files/1/0627/9164/7477/files/glossier-cloudpaint-dusk-carousel-06_80219087-51e2-46df-85c1-1395bda97fd9.png?v=1720705107"", ""//cdn.shopify.com/s/files/1/0627/9164/7477/files/glossier-cloudpaint-dusk-carousel-07_7c0ee0ed-a2b5-4dec-9763-23857bbf6e90.png?v=1720705107"", ""//cdn.shopify.com/s/files/1/0627/9164/7477/files/glossier-cloud-paint-haze-carousel-01.png?v=1720703921"", ""//cdn.shopify.com/s/files/1/0627/9164/7477/files/glossier-cloudpaint-haze-carousel-2.png?v=1720705107"", ""//cdn.shopify.com/s/files/1/0627/9164/7477/files/glossier-cloudpaint-haze-carousel-03_d78375e7-67f0-4241-9b93-157414555c4a.png?v=1720705107"", ""//cdn.shopify.com/s/files/1/0627/9164/7477/files/glossier-cloudpaint-haze-carousel-04_c9c0ff64-c065-4895-8451-98643c9163af.png?v=1720705107"", ""//cdn.shopify.com/s/files/1/0627/9164/7477/files/glossier-cloudpaint-haze-carousel-06_6343aeb6-6472-49ad-ac8a-b24452fa1121.png?v=1720705107"", ""//cdn.shopify.com/s/files/1/0627/9164/7477/files/glossier-cloudpaint-haze-carousel-07_e756931b-c39d-4464-b278-6c8c35c7651f.png?v=1720705107"", ""//cdn.shopify.com/s/files/1/0627/9164/7477/files/glossier-cloud-paint-storm-carousel-01.png?v=1720703921"", ""//cdn.shopify.com/s/files/1/0627/9164/7477/files/glossier-cloudpaint-storm-02.png?v=1720705107"", ""//cdn.shopify.com/s/files/1/0627/9164/7477/files/glossier-cloudpaint-storm-carousel-03_e3fc99dc-4ca8-41bb-82c8-522202bdfe9d.png?v=1720705107"", ""//cdn.shopify.com/s/files/1/0627/9164/7477/files/glossier-cloudpaint-storm-carousel-04_2418d156-acd3-4710-ad88-a612fbe5828f.png?v=1720705107"", ""//cdn.shopify.com/s/files/1/0627/9164/7477/files/glossier-cloudpaint-storm-carousel-06_213bdc9f-9b23-4cce-b0e1-bd2e7b456d5c.png?v=1720705107"", ""//cdn.shopify.com/s/files/1/0627/9164/7477/files/glossier-cloudpaint-storm-carousel-07_edf7f129-52d5-400f-9ad3-efc50c4b5832.png?v=1720705107"", ""//cdn.shopify.com/s/files/1/0627/9164/7477/files/glossier-cloudpaint-storm-carousel-09_bbe35fa9-b387-4d74-a9d9-6b70c2d376f3.png?v=1720705107"", ""//cdn.shopify.com/s/files/1/0627/9164/7477/files/glossier-cloud-paint-eve-carousel-01.png?v=1720703921"", ""//cdn.shopify.com/s/files/1/0627/9164/7477/files/glossier-cloudpaint-eve-02.png?v=1720705107"", ""//cdn.shopify.com/s/files/1/0627/9164/7477/files/glossier-cloudpaint-eve-carousel-03_b4f76c92-6d8a-41e6-b1d2-5078250de08c.png?v=1720705107"", ""//cdn.shopify.com/s/files/1/0627/9164/7477/files/glossier-cloudpaint-eve-carousel-04_5a6dfabf-0e78-4961-a5cb-c18f12255095.png?v=1720705107"", ""//cdn.shopify.com/s/files/1/0627/9164/7477/files/glossier-cloudpaint-eve-carousel-06_a9df793d-1a05-44f6-8676-9d5d5c1d44ee.png?v=1720705107"", ""//cdn.shopify.com/s/files/1/0627/9164/7477/files/glossier-cloudpaint-eve-carousel-07_6a5bd775-9722-4c71-9ff8-965ebbe72998.png?v=1720705107"", ""//cdn.shopify.com/s/files/1/0627/9164/7477/files/glossier-cloud-paint-wisp-carousel-01.png?v=1720703922"", ""//cdn.shopify.com/s/files/1/0627/9164/7477/files/glossier-cloudpaint-wisp-carousel-2.png?v=1720705107"", ""//cdn.shopify.com/s/files/1/0627/9164/7477/files/glossier-cloudpaint-wisp-carousel-03_0b0fd86c-cb7e-4aa0-bbe7-00a9ddb84469.png?v=1720705107"", ""//cdn.shopify.com/s/files/1/0627/9164/7477/files/glossier-cloudpaint-wisp-carousel-04_d3e274a1-1e4f-4c3b-be38-cc2e40578ef2.png?v=1720705107"", ""//cdn.shopify.com/s/files/1/0627/9164/7477/files/glossier-cloudpaint-wisp-carousel-06_952fad76-47e7-4156-a42a-7c0083ac32ab.png?v=1720705107"", ""//cdn.shopify.com/s/files/1/0627/9164/7477/files/glossier-cloudpaint-wisp-carousel-07_15aab62d-7116-4f4d-80d2-42146aaaefef.png?v=1720705107"", ""//cdn.shopify.com/s/files/1/0627/9164/7477/files/glossier-cloudpaint-wisp-carousel-10_282762db-ceac-4a5a-a595-11f12275ee16.png?v=1720705107"", ""//cdn.shopify.com/s/files/1/0627/9164/7477/files/glossier-cloud-paint-soar-carousel-01.png?v=1720703921"", ""//cdn.shopify.com/s/files/1/0627/9164/7477/files/glossier-cloudpaint-soar-02.png?v=1720705107"", ""//cdn.shopify.com/s/files/1/0627/9164/7477/files/glossier-cloudpaint-soar-03.png?v=1720705107"", ""//cdn.shopify.com/s/files/1/0627/9164/7477/files/glossier-cloudpaint-soar-04.png?v=1720705107"", ""//cdn.shopify.com/s/files/1/0627/9164/7477/files/glossier-cloudpaint-soar-06.png?v=1720705107"", ""//cdn.shopify.com/s/files/1/0627/9164/7477/files/glossier-cloudpaint-soar-carousel-08_631b52bf-a74f-4e94-b78c-17815eb9f00a.png?v=1720705107"", ""//cdn.shopify.com/s/files/1/0627/9164/7477/files/glossier-cloudpaint-soar-07.png?v=1720705107"", ""//cdn.shopify.com/s/files/1/0627/9164/7477/files/glossier-cloudpaint-soar-carousel-09_6e373e71-a8a9-41f9-8e09-d09905956453.png?v=1720705107"", ""//cdn.shopify.com/s/files/1/0627/9164/7477/files/glossier-cloud-paint-bronzer-dune-carousel-01.png?v=1720704717"", ""//cdn.shopify.com/s/files/1/0627/9164/7477/files/glossier-cp-bronzer-dune-carousel-02.png?v=1720705107"", ""//cdn.shopify.com/s/files/1/0627/9164/7477/files/glossier-cp-bronzer-dune-carousel-03.png?v=1720705107"", ""//cdn.shopify.com/s/files/1/0627/9164/7477/files/glossier-cp-bronzer-dune-carousel-04.png?v=1720705107"", ""//cdn.shopify.com/s/files/1/0627/9164/7477/files/glossier-cp-bronzer-dune-carousel-05.png?v=1720705107"", ""//cdn.shopify.com/s/files/1/0627/9164/7477/files/glossier-cp-bronzer-dune-carousel-06.png?v=1720705107"", ""//cdn.shopify.com/s/files/1/0627/9164/7477/files/glossier-cp-bronzer-dune-carousel-07.png?v=1720705107"", ""//cdn.shopify.com/s/files/1/0627/9164/7477/files/glossier-cloud-paint-bronzer-sail-carousel-01.png?v=1740083549"", ""//cdn.shopify.com/s/files/1/0627/9164/7477/files/glossier-cp-bronzer-sail-carousel-02.png?v=1740083549"", ""//cdn.shopify.com/s/files/1/0627/9164/7477/files/glossier-cp-bronzer-sail-carousel-03.png?v=1720705107"", ""//cdn.shopify.com/s/files/1/0627/9164/7477/files/glossier-cp-bronzer-sail-carousel-04.png?v=1720705107"", ""//cdn.shopify.com/s/files/1/0627/9164/7477/files/glossier-cp-bronzer-sail-carousel-05.png?v=1720705107"", ""//cdn.shopify.com/s/files/1/0627/9164/7477/files/glossier-cp-bronzer-sail-carousel-06.png?v=1720705107"", ""//cdn.shopify.com/s/files/1/0627/9164/7477/files/glossier-cp-bronzer-sail-carousel-07.png?v=1720705107"", ""//cdn.shopify.com/s/files/1/0627/9164/7477/files/glossier-cp-bronzer-sail-carousel-08.png?v=1720705107"", ""//cdn.shopify.com/s/files/1/0627/9164/7477/files/glossier-cloud-paint-bronzer-drift-carousel-01.png?v=1720704717"", ""//cdn.shopify.com/s/files/1/0627/9164/7477/files/glossier-cp-bronzer-drift-carousel-02.png?v=1720705107"", ""//cdn.shopify.com/s/files/1/0627/9164/7477/files/glossier-cp-bronzer-drift-carousel-03.png?v=1720705107"", ""//cdn.shopify.com/s/files/1/0627/9164/7477/files/glossier-cp-bronzer-drift-carousel-04.png?v=1720705107"", ""//cdn.shopify.com/s/files/1/0627/9164/7477/files/glossier-cp-bronzer-drift-carousel-05.png?v=1720705107"", ""//cdn.shopify.com/s/files/1/0627/9164/7477/files/glossier-cp-bronzer-drift-carousel-06.png?v=1720705107"", ""//cdn.shopify.com/s/files/1/0627/9164/7477/files/glossier-cp-bronzer-drift-carousel-07.png?v=1720705107"", ""//cdn.shopify.com/s/files/1/0627/9164/7477/files/glossier-cp-bronzer-drift-carousel-08.png?v=1720705107"", ""//cdn.shopify.com/s/files/1/0627/9164/7477/files/glossier-cp-bronzer-drift-carousel-11.png?v=1720705107"", ""//cdn.shopify.com/s/files/1/0627/9164/7477/files/glossier-cp-bronzer-drift-carousel-12.png?v=1720705107"", ""//cdn.shopify.com/s/files/1/0627/9164/7477/files/glossier-cloud-paint-bronzer-coast-carousel-01.png?v=1720704622"", ""//cdn.shopify.com/s/files/1/0627/9164/7477/files/glossier-cp-bronzer-coast-carousel-02.png?v=1720705107"", ""//cdn.shopify.com/s/files/1/0627/9164/7477/files/glossier-cp-bronzer-coast-carousel-03.png?v=1720705107"", ""//cdn.shopify.com/s/files/1/0627/9164/7477/files/glossier-cp-bronzer-coast-carousel-04.png?v=1720705107"", ""//cdn.shopify.com/s/files/1/0627/9164/7477/files/glossier-cp-bronzer-coast-carousel-05.png?v=1720705107"", ""//cdn.shopify.com/s/files/1/0627/9164/7477/files/glossier-cp-bronzer-coast-carousel-06.png?v=1720705107"", ""//cdn.shopify.com/s/files/1/0627/9164/7477/files/glossier-cp-bronzer-coast-carousel-08.png?v=1720705107"", ""//cdn.shopify.com/s/files/1/0627/9164/7477/files/glossier-cloud-paint-bronzer-swept-carousel-01.png?v=1720704717"", ""//cdn.shopify.com/s/files/1/0627/9164/7477/files/glossier-cp-bronzer-swept-carousel-02.png?v=1720705107"", ""//cdn.shopify.com/s/files/1/0627/9164/7477/files/glossier-cp-bronzer-swept-carousel-03.png?v=1720705107"", ""//cdn.shopify.com/s/files/1/0627/9164/7477/files/glossier-cp-bronzer-swept-carousel-04.png?v=1720705107"", ""//cdn.shopify.com/s/files/1/0627/9164/7477/files/glossier-cp-bronzer-swept-carousel-05.png?v=1720705107"", ""//cdn.shopify.com/s/files/1/0627/9164/7477/files/glossier-cp-bronzer-swept-carousel-06.png?v=1720704777"", ""//cdn.shopify.com/s/files/1/0627/9164/7477/files/glossier-cp-bronzer-swept-carousel-07.png?v=1720704777"", ""//cdn.shopify.com/s/files/1/0627/9164/7477/files/glossier-cp-bronzer-swept-carousel-08.png?v=1720704777"", ""//cdn.shopify.com/s/files/1/0627/9164/7477/files/glossier-cloud-paint-black-cherry-carousel-02.png?v=1734364249"", ""//cdn.shopify.com/s/files/1/0627/9164/7477/files/glossier-cloud-paint-black-cherry-carousel-03.png?v=1734364249"", ""//cdn.shopify.com/s/files/1/0627/9164/7477/files/glossier-cloud-paint-black-cherry-carousel-04.png?v=1734364249"", ""//cdn.shopify.com/s/files/1/0627/9164/7477/files/glossier-cloud-paint-black-cherry-carousel-05.png?v=1734364250"", ""//cdn.shopify.com/s/files/1/0627/9164/7477/files/glossier-cloud-paint-black-cherry-carousel-06.png?v=1734364249"", ""//cdn.shopify.com/s/files/1/0627/9164/7477/files/glossier-cloud-paint-black-cherry-carousel-07.png?v=1734364249""]",https://www.glossier.com/en-in/products/cloud-paint,280000,2026-10-02T12:27:48.726473+00:00,"The most user-friendly blush + bronzer under the sun. A collection of seamless cheek colors in both blush and bronzer shades inspired by golden hour sunsets, so natural it’s like your skin made it. Easy to wear and apply, each shade is sheer enough to blend and layer without going overboard. Key ingredients : Collagen and Blurring Powder Pigments add a soft-focus effect that won’t accentuate texture or pores. You’ll just have a golden-hour glow…all the time. Collagen : Retains a high amount of water (it’s known to be a really effective hydrator!) and leaves cheeks feeling fresh and dewy. Smooth-Gel Texture : One-of-a-kind, lightweight gel-cream texture makes for silky, even application. Blurring Powder Pigments: Provide a soft, diffused, seamless finish that doesn’t accentuate pores or texture. Product details : Dermatologist-tested, formulated without fragrance Buildable Cruelty-free"
Cloud Paint Cheek Brush,9315806183669,"[""//cdn.shopify.com/s/files/1/0627/9164/7477/files/glossier-cloudpaint-brush-carousel-1.png?v=1757006094"", ""//cdn.shopify.com/s/files/1/0627/9164/7477/files/glossier-cloudpaint-brush-carousel-02_7b4cf15b-865b-4b99-a759-37d66a876245.png?v=1756958233"", ""//cdn.shopify.com/s/files/1/0627/9164/7477/files/glossier-cloudpaint-brush-carousel-03_54dc8f6a-02fe-4a91-9058-df6642b6d143.png?v=1756958234"", ""//cdn.shopify.com/s/files/1/0627/9164/7477/files/glossier-cloudpaint-brush-carousel-04_26d32339-ade3-4fb4-87e6-1bcd06f5e83c.png?v=1756958234"", ""//cdn.shopify.com/s/files/1/0627/9164/7477/files/glossier-cloudpaint-brush-carousel-05_22c675c0-0b17-41ba-b69c-7a45628e278d.png?v=1756958233"", ""//cdn.shopify.com/s/files/1/0627/9164/7477/files/glossier-cloudpaint-brush-carousel-06_22da61e2-5712-4af5-b87e-2298b754df3b.png?v=1756958233"", ""//cdn.shopify.com/s/files/1/0627/9164/7477/files/glossier-cloudpaint-brush-carousel-07_0e4d0a78-af0f-425b-8e72-913f65fe5d31.png?v=1756958234"", ""//cdn.shopify.com/s/files/1/0627/9164/7477/files/glossier-cloudpaint-brush-carousel-08_fdcf88c1-4245-4595-ac9a-59bd185f34a9.png?v=1756958234"", ""//cdn.shopify.com/s/files/1/0627/9164/7477/files/glossier-cloudpaint-brush-carousel-09_1383d125-8d2c-4773-9fde-170a89df7fb1.png?v=1756958234"", ""//cdn.shopify.com/s/files/1/0627/9164/7477/files/glossier-cloudpaint-brush-carousel-10_c63b1047-5b61-4243-b0df-996e4db310d7.png?v=1756958234""]",https://www.glossier.com/en-in/products/cloud-paint-cheek-brush,290000,2026-10-02T12:27:48.726473+00:00,"A dual-ended brush for powder and liquid blushes. A dual-ended, portable and retractable synthetic brush designed for our powder and gel-cream blushes. The tapered brush end is perfect for blending Cloud Paint Plush Blush. While the opposite end mimics fingertips with a soft and non-absorbent silicone tip, making it perfect for patting on Cloud Paint! Made with undyed synthetic fibers, cruelty-free, vegan."
Cloud Paint Duo,8255693258997,"[""//cdn.shopify.com/s/files/1/0627/9164/7477/files/glossier-cp-duo-carousel-1.png?v=1762200969"", ""//cdn.shopify.com/s/files/1/0627/9164/7477/files/glossier-cpduo-bronzer-carousel-02.png?v=1714505544"", ""//cdn.shopify.com/s/files/1/0627/9164/7477/files/glossier-cpduo-bronzer-carousel-04.png?v=1714505544"", ""//cdn.shopify.com/s/files/1/0627/9164/7477/files/glossier-cpduo-bronzer-carousel-06.png?v=1714505544"", ""//cdn.shopify.com/s/files/1/0627/9164/7477/files/glossier-cpduo-bronzer-carousel-07.png?v=1714505544"", ""//cdn.shopify.com/s/files/1/0627/9164/7477/files/glossier-cpduo-bronzer-carousel-08.png?v=1714505544""]",https://www.glossier.com/en-in/products/cloud-paint-duo,430000,2026-10-02T12:27:48.726473+00:00,"cloud paint, eve, spark, makeup, blush, gift, holiday, sets, face, cheeks, storm, dawn, puff, dusk, haze, beam, black friday, cyber monday"
Cloud Paint Plush Blush,9313312211189,"[""//cdn.shopify.com/s/files/1/0627/9164/7477/files/glossier-cppb-puff-carousel-01.png?v=1756956533"", ""//cdn.shopify.com/s/files/1/0627/9164/7477/files/glossier-cppb-puff-carousel-02.png?v=1756956533"", ""//cdn.shopify.com/s/files/1/0627/9164/7477/files/glossier-cppb-puff-carousel-03.png?v=1756956534"", ""//cdn.shopify.com/s/files/1/0627/9164/7477/files/glossier-cppb-puff-carousel-04.png?v=1756956533"", ""//cdn.shopify.com/s/files/1/0627/9164/7477/files/glossier-cppb-puff-carousel-05.png?v=1756956533"", ""//cdn.shopify.com/s/files/1/0627/9164/7477/files/glossier-cppb-puff-carousel-06.png?v=1756956534"", ""//cdn.shopify.com/s/files/1/0627/9164/7477/files/glossier-cppb-puff-carousel-07.png?v=1756956533"", ""//cdn.shopify.com/s/files/1/0627/9164/7477/files/glossier-cppb-puff-carousel-08.png?v=1756997515"", ""//cdn.shopify.com/s/files/1/0627/9164/7477/files/glossier-cppb-puff-carousel-09.png?v=1756997515"", ""//cdn.shopify.com/s/files/1/0627/9164/7477/files/glossier-cppb-puff-carousel-10.png?v=1756997515"", ""//cdn.shopify.com/s/files/1/0627/9164/7477/files/glossier-cppb-puff-carousel-11.png?v=1756997515"", ""//cdn.shopify.com/s/files/1/0627/9164/7477/files/glossier-cppb-puff-carousel-12.png?v=1756997515"", ""//cdn.shopify.com/s/files/1/0627/9164/7477/files/glossier-cppb-billow-carousel-01.png?v=1756997515"", ""//cdn.shopify.com/s/files/1/0627/9164/7477/files/glossier-cppb-billow-carousel-02.png?v=1756997515"", ""//cdn.shopify.com/s/files/1/0627/9164/7477/files/glossier-cppb-billow-carousel-03.png?v=1756997515"", ""//cdn.shopify.com/s/files/1/0627/9164/7477/files/glossier-cppb-billow-carousel-04.png?v=1756997515"", ""//cdn.shopify.com/s/files/1/0627/9164/7477/files/glossier-cppb-billow-carousel-05.png?v=1756997515"", ""//cdn.shopify.com/s/files/1/0627/9164/7477/files/glossier-cppb-billow-carousel-06.png?v=1756997515"", ""//cdn.shopify.com/s/files/1/0627/9164/7477/files/glossier-cppb-billow-carousel-07.png?v=1756997515"", ""//cdn.shopify.com/s/files/1/0627/9164/7477/files/glossier-cppb-billow-carousel-08.png?v=1756997515"", ""//cdn.shopify.com/s/files/1/0627/9164/7477/files/glossier-cppb-billow-carousel-09.png?v=1756997515"", ""//cdn.shopify.com/s/files/1/0627/9164/7477/files/glossier-cppb-billow-carousel-10.png?v=1756997515"", ""//cdn.shopify.com/s/files/1/0627/9164/7477/files/glossier-cppb-billow-carousel-11.png?v=1756997515"", ""//cdn.shopify.com/s/files/1/0627/9164/7477/files/glossier-cppb-billow-carousel-12.png?v=1756997515"", ""//cdn.shopify.com/s/files/1/0627/9164/7477/files/glossier-cppb-beam-carousel-1.png?v=1756997666"", ""//cdn.shopify.com/s/files/1/0627/9164/7477/files/glossier-cppb-beam-carousel-2.png?v=1756997673"", ""//cdn.shopify.com/s/files/1/0627/9164/7477/files/glossier-cppb-beam-carousel-03_edc99dfa-a3c7-4d65-b748-d31490532a35.png?v=1756997515"", ""//cdn.shopify.com/s/files/1/0627/9164/7477/files/glossier-cppb-beam-carousel-04_ec77f639-3b6d-4104-9e94-e61554066909.png?v=1756997515"", ""//cdn.shopify.com/s/files/1/0627/9164/7477/files/glossier-cppb-beam-carousel-05_a732a003-05a8-4914-a281-52d99f6de4f1.png?v=1756997515"", ""//cdn.shopify.com/s/files/1/0627/9164/7477/files/glossier-cppb-beam-carousel-06_08ba80b7-7cae-4b15-9345-3d3b27b428cc.png?v=1756997515"", ""//cdn.shopify.com/s/files/1/0627/9164/7477/files/glossier-cppb-beam-carousel-07_d5990618-1cd1-461b-a024-bd47c83fe365.png?v=1756997515"", ""//cdn.shopify.com/s/files/1/0627/9164/7477/files/glossier-cppb-beam-carousel-08_d41b9fd5-bc80-4906-a869-459b1ff7156a.png?v=1756997515"", ""//cdn.shopify.com/s/files/1/0627/9164/7477/files/glossier-cppb-beam-carousel-09_4b8b4c2f-da19-4804-abe2-05c4ee5d7660.png?v=1756997515"", ""//cdn.shopify.com/s/files/1/0627/9164/7477/files/glossier-cppb-beam-carousel-10_ebe38eeb-f3b8-425c-953b-32c941b7ea14.png?v=1756997515"", ""//cdn.shopify.com/s/files/1/0627/9164/7477/files/glossier-cppb-beam-carousel-11_f00f8c91-7917-41fc-8759-b57234c0b7c6.png?v=1756997515"", ""//cdn.shopify.com/s/files/1/0627/9164/7477/files/glossier-cppb-beam-carousel-12_4f098a40-b6bb-4879-9798-702db6762280.png?v=1756997515"", ""//cdn.shopify.com/s/files/1/0627/9164/7477/files/glossier-cppb-bloom-carousel-01.png?v=1756997515"", ""//cdn.shopify.com/s/files/1/0627/9164/7477/files/glossier-cppb-bloom-carousel-02.png?v=1756997515"", ""//cdn.shopify.com/s/files/1/0627/9164/7477/files/glossier-cppb-bloom-carousel-03.png?v=1756997515"", ""//cdn.shopify.com/s/files/1/0627/9164/7477/files/glossier-cppb-bloom-carousel-04.png?v=1756997515"", ""//cdn.shopify.com/s/files/1/0627/9164/7477/files/glossier-cppb-bloom-carousel-05.png?v=1756997515"", ""//cdn.shopify.com/s/files/1/0627/9164/7477/files/glossier-cppb-bloom-carousel-06.png?v=1756997515"", ""//cdn.shopify.com/s/files/1/0627/9164/7477/files/glossier-cppb-bloom-carousel-07.png?v=1756997515"", ""//cdn.shopify.com/s/files/1/0627/9164/7477/files/glossier-cppb-bloom-carousel-08.png?v=1756997515"", ""//cdn.shopify.com/s/files/1/0627/9164/7477/files/glossier-cppb-bloom-carousel-09.png?v=1756997515"", ""//cdn.shopify.com/s/files/1/0627/9164/7477/files/glossier-cppb-bloom-carousel-10.png?v=1756997515"", ""//cdn.shopify.com/s/files/1/0627/9164/7477/files/glossier-cppb-bloom-carousel-11.png?v=1756997515"", ""//cdn.shopify.com/s/files/1/0627/9164/7477/files/glossier-cppb-bloom-carousel-12.png?v=1756997515"", ""//cdn.shopify.com/s/files/1/0627/9164/7477/files/glossier-cppb-gale-carousel-01.png?v=1756997515"", ""//cdn.shopify.com/s/files/1/0627/9164/7477/files/glossier-cppb-gale-carousel-02.png?v=1756997515"", ""//cdn.shopify.com/s/files/1/0627/9164/7477/files/glossier-cppb-gale-carousel-03.png?v=1756997515"", ""//cdn.shopify.com/s/files/1/0627/9164/7477/files/glossier-cppb-gale-carousel-04.png?v=1756997515"", ""//cdn.shopify.com/s/files/1/0627/9164/7477/files/glossier-cppb-gale-carousel-05.png?v=1756997515"", ""//cdn.shopify.com/s/files/1/0627/9164/7477/files/glossier-cppb-gale-carousel-06.png?v=1756997515"", ""//cdn.shopify.com/s/files/1/0627/9164/7477/files/glossier-cppb-gale-carousel-07.png?v=1756997515"", ""//cdn.shopify.com/s/files/1/0627/9164/7477/files/glossier-cppb-gale-carousel-08.png?v=1756997515"", ""//cdn.shopify.com/s/files/1/0627/9164/7477/files/glossier-cppb-gale-carousel-09.png?v=1756997515"", ""//cdn.shopify.com/s/files/1/0627/9164/7477/files/glossier-cppb-gale-carousel-10.png?v=1756997515"", ""//cdn.shopify.com/s/files/1/0627/9164/7477/files/glossier-cppb-gale-carousel-11.png?v=1756997515"", ""//cdn.shopify.com/s/files/1/0627/9164/7477/files/glossier-cppb-gale-carousel-12.png?v=1756997515"", ""//cdn.shopify.com/s/files/1/0627/9164/7477/files/glossier-cppb-float-carousel-01.png?v=1756997515"", ""//cdn.shopify.com/s/files/1/0627/9164/7477/files/glossier-cppb-float-carousel-02.png?v=1756997515"", ""//cdn.shopify.com/s/files/1/0627/9164/7477/files/glossier-cppb-float-carousel-03.png?v=1756997515"", ""//cdn.shopify.com/s/files/1/0627/9164/7477/files/glossier-cppb-float-carousel-04.png?v=1756997515"", ""//cdn.shopify.com/s/files/1/0627/9164/7477/files/glossier-cppb-float-carousel-05.png?v=1756997515"", ""//cdn.shopify.com/s/files/1/0627/9164/7477/files/glossier-cppb-float-carousel-06.png?v=1756997515"", ""//cdn.shopify.com/s/files/1/0627/9164/7477/files/glossier-cppb-float-carousel-07.png?v=1756997515"", ""//cdn.shopify.com/s/files/1/0627/9164/7477/files/glossier-cppb-float-carousel-08.png?v=1756997515"", ""//cdn.shopify.com/s/files/1/0627/9164/7477/files/glossier-cppb-float-carousel-09.png?v=1756997515"", ""//cdn.shopify.com/s/files/1/0627/9164/7477/files/glossier-cppb-float-carousel-10.png?v=1756997515"", ""//cdn.shopify.com/s/files/1/0627/9164/7477/files/glossier-cppb-float-carousel-11.png?v=1756997515"", ""//cdn.shopify.com/s/files/1/0627/9164/7477/files/glossier-cppb-float-carousel-12.png?v=1756997515"", ""//cdn.shopify.com/s/files/1/0627/9164/7477/files/glossier-cppb-burst-carousel-01.png?v=1756997515"", ""//cdn.shopify.com/s/files/1/0627/9164/7477/files/glossier-cppb-burst-carousel-02.png?v=1756997515"", ""//cdn.shopify.com/s/files/1/0627/9164/7477/files/glossier-cppb-burst-carousel-03.png?v=1756997515"", ""//cdn.shopify.com/s/files/1/0627/9164/7477/files/glossier-cppb-burst-carousel-04.png?v=1756997515"", ""//cdn.shopify.com/s/files/1/0627/9164/7477/files/glossier-cppb-burst-carousel-05.png?v=1756997515"", ""//cdn.shopify.com/s/files/1/0627/9164/7477/files/glossier-cppb-burst-carousel-06.png?v=1756997515"", ""//cdn.shopify.com/s/files/1/0627/9164/7477/files/glossier-cppb-burst-carousel-07.png?v=1756997515"", ""//cdn.shopify.com/s/files/1/0627/9164/7477/files/glossier-cppb-burst-carousel-08.png?v=1756997515"", ""//cdn.shopify.com/s/files/1/0627/9164/7477/files/glossier-cppb-burst-carousel-09.png?v=1756997515"", ""//cdn.shopify.com/s/files/1/0627/9164/7477/files/glossier-cppb-burst-carousel-10.png?v=1756997515"", ""//cdn.shopify.com/s/files/1/0627/9164/7477/files/glossier-cppb-burst-carousel-11.png?v=1756997515"", ""//cdn.shopify.com/s/files/1/0627/9164/7477/files/glossier-cppb-burst-carousel-12.png?v=1756997515"", ""//cdn.shopify.com/s/files/1/0627/9164/7477/files/glossier-cppb-storm-carousel-01.png?v=1756997515"", ""//cdn.shopify.com/s/files/1/0627/9164/7477/files/glossier-cppb-storm-carousel-02.png?v=1756997515"", ""//cdn.shopify.com/s/files/1/0627/9164/7477/files/glossier-cppb-storm-carousel-03.png?v=1756997515"", ""//cdn.shopify.com/s/files/1/0627/9164/7477/files/glossier-cppb-storm-carousel-04.png?v=1756997515"", ""//cdn.shopify.com/s/files/1/0627/9164/7477/files/glossier-cppb-storm-carousel-05.png?v=1756997515"", ""//cdn.shopify.com/s/files/1/0627/9164/7477/files/glossier-cppb-storm-carousel-06.png?v=1756997515"", ""//cdn.shopify.com/s/files/1/0627/9164/7477/files/glossier-cppb-storm-carousel-07.png?v=1756997515"", ""//cdn.shopify.com/s/files/1/0627/9164/7477/files/glossier-cppb-storm-carousel-08.png?v=1756997515"", ""//cdn.shopify.com/s/files/1/0627/9164/7477/files/glossier-cppb-storm-carousel-09.png?v=1756997515"", ""//cdn.shopify.com/s/files/1/0627/9164/7477/files/glossier-cppb-storm-carousel-10.png?v=1756997515"", ""//cdn.shopify.com/s/files/1/0627/9164/7477/files/glossier-cppb-storm-carousel-11.png?v=1756997515"", ""//cdn.shopify.com/s/files/1/0627/9164/7477/files/glossier-cppb-storm-carousel-12.png?v=1756997515"", ""//cdn.shopify.com/s/files/1/0627/9164/7477/files/glossier-cppb-plume-carousel-01.png?v=1756997617"", ""//cdn.shopify.com/s/files/1/0627/9164/7477/files/glossier-cppb-plume-carousel-02.png?v=1756997627"", ""//cdn.shopify.com/s/files/1/0627/9164/7477/files/glossier-cppb-plume-carousel-03_38dc2489-d588-4015-8398-40cef8f65ac1.png?v=1756997515"", ""//cdn.shopify.com/s/files/1/0627/9164/7477/files/glossier-cppb-plume-carousel-04_f01907fb-b369-4456-9027-917062dd6462.png?v=1756997515"", ""//cdn.shopify.com/s/files/1/0627/9164/7477/files/glossier-cppb-plume-carousel-05_26f14378-0e3f-4ce7-a2db-303081e1b58c.png?v=1756997515"", ""//cdn.shopify.com/s/files/1/0627/9164/7477/files/glossier-cppb-plume-carousel-06_3a96b47b-837f-47cc-bbbe-12216b034b2c.png?v=1756997515"", ""//cdn.shopify.com/s/files/1/0627/9164/7477/files/glossier-cppb-plume-carousel-07_00ca7448-b07a-4b15-af90-7c8f7eb4d020.png?v=1756997515"", ""//cdn.shopify.com/s/files/1/0627/9164/7477/files/glossier-cppb-plume-carousel-08_c539b6ce-0f88-4a5e-a2ad-6360ca927ef7.png?v=1756997515"", ""//cdn.shopify.com/s/files/1/0627/9164/7477/files/glossier-cppb-plume-carousel-09_21e00f94-1006-4304-a340-cdfe9c3d390d.png?v=1756997515"", ""//cdn.shopify.com/s/files/1/0627/9164/7477/files/glossier-cppb-plume-carousel-10_8bf8c91e-c6aa-420b-9f56-f5de32e22bb7.png?v=1756997515"", ""//cdn.shopify.com/s/files/1/0627/9164/7477/files/glossier-cppb-plume-carousel-11_9b431a6a-a941-4336-beea-edb32ca11f93.png?v=1756997515"", ""//cdn.shopify.com/s/files/1/0627/9164/7477/files/glossier-cppb-plume-carousel-12_c6e42167-850a-4f8b-9779-21a414f5672e.png?v=1756997515"", ""//cdn.shopify.com/s/files/1/0627/9164/7477/files/glossier-cppb-soar-carousel-1.png?v=1756997515"", ""//cdn.shopify.com/s/files/1/0627/9164/7477/files/glossier-cppb-soar-carousel-2.png?v=1756997640"", ""//cdn.shopify.com/s/files/1/0627/9164/7477/files/glossier-cppb-soar-carousel-03_06293495-8008-44ce-a71c-2ad08fd7c837.png?v=1756997515"", ""//cdn.shopify.com/s/files/1/0627/9164/7477/files/glossier-cppb-soar-carousel-04_8f7d0106-6275-4cf9-8ad7-77573db6f4dd.png?v=1756997515"", ""//cdn.shopify.com/s/files/1/0627/9164/7477/files/glossier-cppb-soar-carousel-05_488b9f68-2831-48fa-b780-8630ac211a89.png?v=1756997515"", ""//cdn.shopify.com/s/files/1/0627/9164/7477/files/glossier-cppb-soar-carousel-06_34b2dcc8-94f0-46a7-959d-82e170681998.png?v=1756997515"", ""//cdn.shopify.com/s/files/1/0627/9164/7477/files/glossier-cppb-soar-carousel-07_dd144cc7-f7f7-4ead-80f4-a521caf44282.png?v=1756997515"", ""//cdn.shopify.com/s/files/1/0627/9164/7477/files/glossier-cppb-soar-carousel-08_12f129af-65cf-46dc-8caa-96b100c5eeda.png?v=1756997515"", ""//cdn.shopify.com/s/files/1/0627/9164/7477/files/glossier-cppb-soar-carousel-09_2f5b1dd5-cc83-4082-b169-2fa39863c597.png?v=1756997515"", ""//cdn.shopify.com/s/files/1/0627/9164/7477/files/glossier-cppb-soar-carousel-10_1d06a577-02d3-45e9-847f-a4e12712a46c.png?v=1756997515"", ""//cdn.shopify.com/s/files/1/0627/9164/7477/files/glossier-cppb-soar-carousel-11_7bb161cb-5e5d-4d52-8ea1-181c400cb9df.png?v=1756997515"", ""//cdn.shopify.com/s/files/1/0627/9164/7477/files/glossier-cppb-soar-carousel-12_81743fec-635b-4f70-b845-4937dc693400.png?v=1756997515""]",https://www.glossier.com/en-in/products/cloud-paint-plush-blush,300000,2026-10-02T12:27:48.726473+00:00,"Put your head in the clouds. A pillowy-soft powder blush that blends and builds seamlessly for a soft-matte flush. Available in a wide range of colors inspired by New York City sunsets. Key ingredients : This weightless powder formula helps absorb excess shine, keeping skin looking fresh all day! Memory Cloud Texture : A one-of-a-kind technology creates that addictively touchable texture that molds with every touch (like clay!) and then transforms into a weightless powder on the skin. Clover Flower Extract : An antioxidant-rich plant extract is like a real life filter, creating a soft-focus, blurred effect on skin. Powdered Ceramides & Botanical Glycerides : Skin-mimicking lipids transform into powder to help lock in moisture and keep the soft-matte finish feeling comfortable all day on skin. Product details: Up to 8hr Wear Water-Resistant Sweat-Resistant Humidity-Resistant Transfer-Resistant Cruelty-free, vegan, dermatologist-tested, suitable for sensitive skin, non-comedogenic, suitable for all skin types (including sensitive skin)."
"Cloud Paint Sample - Haze, Beam, Puff, Dusk",8035306733813,"[""//cdn.shopify.com/s/files/1/0627/9164/7477/products/sample-cloudpaint-4-shades.jpg?v=1762200253""]",https://www.glossier.com/en-in/products/cloud-paint-sample-haze-beam-puff-dusk-sdg-go-live,,2026-10-02T12:27:48.726473+00:00,
Crème de You,8771481239797,"[""//cdn.shopify.com/s/files/1/0627/9164/7477/files/glossier-cremedeyou-01.png?v=1762201484"", ""//cdn.shopify.com/s/files/1/0627/9164/7477/files/glossier-creme-de-you-carousel-02.png?v=1784916608"", ""//cdn.shopify.com/s/files/1/0627/9164/7477/files/glossier-creme-de-you-carousel-03.png?v=1784916608"", ""//cdn.shopify.com/s/files/1/0627/9164/7477/files/glossier-creme-de-you-carousel-04.png?v=1784916608"", ""//cdn.shopify.com/s/files/1/0627/9164/7477/files/glossier-creme-de-you-carousel-05.png?v=1784916608""]",https://www.glossier.com/en-in/products/creme-de-you,510000,2026-10-02T12:27:48.726473+00:00,"A touch of you. Our iconic Glossier You fragrance, now in a fast absorbing, luxurious body crème with a soft, silky, delicately scented finish. Key ingredients : Delight your senses and hydrate skin for up to 24 hours. Shea Butter : readily melts and absorbs into skin to help smooth, soften + condition without feeling greasy. Jojoba Oil : highly compatible with skin’s natural chemistry and is easily absorbed into skin to provide a silky-smooth feel. Glossier You : the iconic Glossier You Eau de Parfum fragrance, with a sparkling top note of Pink Pepper, earthy Iris heart, and warm creamy base notes of Ambrette + Ambrox. Product details : Dermatologist-tested, vegan, cruelty-free. Nourishing Hydrating Scented"
Daily Oil Wash,9119274959093,"[""//cdn.shopify.com/s/files/1/0627/9164/7477/files/glossier-bodyhero-oilwash-carousel-01.png?v=1762201016"", ""//cdn.shopify.com/s/files/1/0627/9164/7477/files/glossier-bodyhero-oilwash-carousel-02.png?v=1709765843"", ""//cdn.shopify.com/s/files/1/0627/9164/7477/files/glossier-obn-oilwash-carousel-03.png?v=1748890095"", ""//cdn.shopify.com/s/files/1/0627/9164/7477/files/glossier-obn-oilwash-carousel-04.png?v=1748890095"", ""//cdn.shopify.com/s/files/1/0627/9164/7477/files/glossier-obn-oilwash-carousel-05.png?v=1748890094"", ""//cdn.shopify.com/s/files/1/0627/9164/7477/files/glossier-obn-oilwash-carousel-06.png?v=1748890095"", ""//cdn.shopify.com/s/files/1/0627/9164/7477/files/glossier-obn-oilwash-carousel-07.png?v=1748890095"", ""//cdn.shopify.com/s/files/1/0627/9164/7477/files/glossier-obn-oilwash-carousel-08.png?v=1748890095"", ""//cdn.shopify.com/s/files/1/0627/9164/7477/files/glossier-obn-oilwash-carousel-09.png?v=1748890095"", ""//cdn.shopify.com/s/files/1/0627/9164/7477/files/glossier-obn-oilwash-carousel-10.png?v=1748890095"", ""//cdn.shopify.com/s/files/1/0627/9164/7477/files/glossier-sandstone-oilwash-carousel-01.png?v=1748890108"", ""//cdn.shopify.com/s/files/1/0627/9164/7477/files/glossier-sandstone-oilwash-carousel-02.png?v=1748890109"", ""//cdn.shopify.com/s/files/1/0627/9164/7477/files/glossier-sandstone-oilwash-carousel-03.png?v=1748890109"", ""//cdn.shopify.com/s/files/1/0627/9164/7477/files/glossier-sandstone-oilwash-carousel-04.png?v=1748890108"", ""//cdn.shopify.com/s/files/1/0627/9164/7477/files/glossier-sandstone-oilwash-carousel-05.png?v=1748890108"", ""//cdn.shopify.com/s/files/1/0627/9164/7477/files/glossier-sandstone-oilwash-carousel-06.png?v=1748890108"", ""//cdn.shopify.com/s/files/1/0627/9164/7477/files/glossier-sandstone-oilwash-carousel-07.png?v=1748890109"", ""//cdn.shopify.com/s/files/1/0627/9164/7477/files/glossier-sandstone-oilwash-carousel-08.png?v=1748890109"", ""//cdn.shopify.com/s/files/1/0627/9164/7477/files/glossier-sandstone-oilwash-carousel-10.png?v=1748890109"", ""//cdn.shopify.com/s/files/1/0627/9164/7477/files/glossier-sandstone-oilwash-carousel-11.png?v=1748890108""]",https://www.glossier.com/en-in/products/body-hero-daily-oil-wash,320000,2026-10-02T12:27:48.726473+00:00,"Body wash goes luxe. A gentle body cleanser that provides a deeply nourishing wash, free from soap and sulfates. Its unique oil formula transforms into a milky lather when mixed with warm water, leaving the skin feeling soft and hydrated. Now available in two iconic scents. Product Details: Cleansing Nourishing Smoothing Refreshing Key Ingredients: Ingredients that gently cleanse skin, leaving it nourished and comfortable. A Blend of Natural Oils Glycerin Vitamin E"
Daily Perfecting Lotion,9119279120629,"[""//cdn.shopify.com/s/files/1/0627/9164/7477/files/glossier-bodyhero-perfectinglotion-carousel-01.png?v=1762201016"", ""//cdn.shopify.com/s/files/1/0627/9164/7477/files/glossier-lotion-obn-carousel-02.png?v=1748963173"", ""//cdn.shopify.com/s/files/1/0627/9164/7477/files/glossier-lotion-obn-carousel-03.png?v=1748963172"", ""//cdn.shopify.com/s/files/1/0627/9164/7477/files/glossier-lotion-obn-carousel-04.png?v=1748963172"", ""//cdn.shopify.com/s/files/1/0627/9164/7477/files/glossier-lotion-obn-carousel-05.png?v=1748963172"", ""//cdn.shopify.com/s/files/1/0627/9164/7477/files/glossier-lotion-obn-carousel-06.png?v=1748963173"", ""//cdn.shopify.com/s/files/1/0627/9164/7477/files/glossier-lotion-obn-carousel-07.png?v=1748963172"", ""//cdn.shopify.com/s/files/1/0627/9164/7477/files/glossier-lotion-obn-carousel-08.png?v=1748963172"", ""//cdn.shopify.com/s/files/1/0627/9164/7477/files/glossier-lotion-obn-carousel-09.png?v=1748963172"", ""//cdn.shopify.com/s/files/1/0627/9164/7477/files/glossier-lotion-obn-carousel-10.png?v=1748963172"", ""//cdn.shopify.com/s/files/1/0627/9164/7477/files/glossier-lotion-sandstone-carousel-01.png?v=1748963212"", ""//cdn.shopify.com/s/files/1/0627/9164/7477/files/glossier-lotion-sandstone-carousel-02.png?v=1748963212"", ""//cdn.shopify.com/s/files/1/0627/9164/7477/files/glossier-lotion-sandstone-carousel-03.png?v=1748963213"", ""//cdn.shopify.com/s/files/1/0627/9164/7477/files/glossier-lotion-sandstone-carousel-04.png?v=1748963212"", ""//cdn.shopify.com/s/files/1/0627/9164/7477/files/glossier-lotion-sandstone-carousel-05.png?v=1748963212"", ""//cdn.shopify.com/s/files/1/0627/9164/7477/files/glossier-lotion-sandstone-carousel-06.png?v=1748963212"", ""//cdn.shopify.com/s/files/1/0627/9164/7477/files/glossier-lotion-sandstone-carousel-07.png?v=1748963213"", ""//cdn.shopify.com/s/files/1/0627/9164/7477/files/glossier-lotion-sandstone-carousel-08.png?v=1748963213"", ""//cdn.shopify.com/s/files/1/0627/9164/7477/files/glossier-lotion-sandstone-carousel-09.png?v=1748963212"", ""//cdn.shopify.com/s/files/1/0627/9164/7477/files/glossier-lotion-sandstone-carousel-10.png?v=1748963213""]",https://www.glossier.com/en-in/products/body-hero-daily-perfecting-lotion,320000,2026-10-02T12:27:48.726473+00:00,"A skincare-grade body lotion. A body lotion that does more than just moisturize. Now available in two iconic scents, this daily essential deeply nourishes skin while providing a subtle, healthy-looking glow. No pesky residue or dry-down time. Just a silky, lightweight lotion in a click-lock pump bottle for convenience and ease of use. Product Details: Enhancing Nourishing Smoothing Hydrating Key Ingredients: Glycerin Avocado Oil Apple Fruit Extract Light Reflecting Pearl"
Deodorant,8035306275061,"[""//cdn.shopify.com/s/files/1/0627/9164/7477/products/glossier-deo-you-carousel-01.png?v=1765389767"", ""//cdn.shopify.com/s/files/1/0627/9164/7477/products/glossier-deo-set-carousel-02.png?v=1765389767"", ""//cdn.shopify.com/s/files/1/0627/9164/7477/products/glossier-deo-set-carousel-03.png?v=1765389767"", ""//cdn.shopify.com/s/files/1/0627/9164/7477/products/glossier-deo-set-carousel-04.png?v=1765389767"", ""//cdn.shopify.com/s/files/1/0627/9164/7477/products/glossier-deo-set-carousel-05.png?v=1765389767"", ""//cdn.shopify.com/s/files/1/0627/9164/7477/products/glossier-deo-set-carousel-07.png?v=1765389767"", ""//cdn.shopify.com/s/files/1/0627/9164/7477/products/glossier-deo-set-carousel-08.png?v=1765389767""]",https://www.glossier.com/en-in/products/deodorant,260000,2026-10-02T12:27:48.726473+00:00,"Pop in, swipe on. 2024 Allure Best of Beauty Award-Winner. A recyclable refill for your Deodorant case. Re-up on your signature scent or pop in a new one. Formulated without aluminum, baking soda, exfoliating acids or water—aka things that can cause bad odor, disrupt the skin’s pH level and cause irritation—our Deodorant keeps it gentle (but mighty!) with ingredients that work for every underarm. Available in three signature scents (Sandstone, Glossier You and Orange Blossom Neroli) plus Unscented, these refill sticks will outdo any odor. Key ingredients : Superfruit Elderberry Extract and Coconut Oil : Keep underarm skin nourished and conditioned, helping to reduce odors. Potato Starch : A naturally-derived ingredient that absorbs moisture, helping your pits feel drier. Magnesium Hydroxide : A pH-adjuster and absorbent that helps to reduce those dreaded sweat stains, letting your clothes stay fresher and longer Product details : Dermatologist-tested Conditioning Vegan Cruelty-free"
Deodorant Refill Stick,8035307258101,"[""//cdn.shopify.com/s/files/1/0627/9164/7477/products/glossier-deorefill-unscented-carousel-01.png?v=1765390004"", ""//cdn.shopify.com/s/files/1/0627/9164/7477/products/glossier-deorefill-unscented-carousel-03.png?v=1765390004"", ""//cdn.shopify.com/s/files/1/0627/9164/7477/products/glossier-deorefill-unscented-carousel-04.png?v=1765390004"", ""//cdn.shopify.com/s/files/1/0627/9164/7477/products/glossier-deorefill-unscented-carousel-05.png?v=1765390004"", ""//cdn.shopify.com/s/files/1/0627/9164/7477/products/glossier-deorefill-sandstone-carousel-01.png?v=1765390004"", ""//cdn.shopify.com/s/files/1/0627/9164/7477/products/glossier-deorefill-sandstone-carousel-03.png?v=1765390004"", ""//cdn.shopify.com/s/files/1/0627/9164/7477/products/glossier-deorefill-sandstone-carousel-04.png?v=1765390004"", ""//cdn.shopify.com/s/files/1/0627/9164/7477/products/glossier-deorefill-sandstone-carousel-05.png?v=1765390004"", ""//cdn.shopify.com/s/files/1/0627/9164/7477/products/glossier-deorefill-sandstone-carousel-06.png?v=1765390004"", ""//cdn.shopify.com/s/files/1/0627/9164/7477/products/glossier-deorefill-sandstone-carousel-07.png?v=1765390004"", ""//cdn.shopify.com/s/files/1/0627/9164/7477/products/glossier-deorefill-orange-carousel-01.png?v=1765390037"", ""//cdn.shopify.com/s/files/1/0627/9164/7477/products/glossier-deorefill-orange-carousel-02.png?v=1765390037"", ""//cdn.shopify.com/s/files/1/0627/9164/7477/products/glossier-deorefill-orange-carousel-03.png?v=1765390037"", ""//cdn.shopify.com/s/files/1/0627/9164/7477/products/glossier-deorefill-orange-carousel-05.png?v=1765390004"", ""//cdn.shopify.com/s/files/1/0627/9164/7477/products/glossier-deorefill-orange-carousel-06.png?v=1765390004"", ""//cdn.shopify.com/s/files/1/0627/9164/7477/products/glossier-deorefill-you-carousel-01.png?v=1765390004"", ""//cdn.shopify.com/s/files/1/0627/9164/7477/products/glossier-deorefill-you-carousel-02.png?v=1765390004"", ""//cdn.shopify.com/s/files/1/0627/9164/7477/products/glossier-deorefill-you-carousel-03.png?v=1765390004"", ""//cdn.shopify.com/s/files/1/0627/9164/7477/products/glossier-deorefill-you-carousel-05.png?v=1765390004""]",https://www.glossier.com/en-in/products/deodorant-refill-stick,210000,2026-10-02T12:27:48.726473+00:00,"Pop in, swipe on. 2024 Allure Best of Beauty Award-Winner. A refill for your Deodorant case. Re-up on your signature scent or pop in a new one. Formulated without aluminum, baking soda, exfoliating acids or water—aka things that can cause bad odor, disrupt the skin’s pH level and cause irritation—our Deodorant keeps it gentle (but mighty!) with ingredients that work for every underarm. Available in three signature scents (Sandstone, Glossier You and Orange Blossom Neroli) plus Unscented, these refill sticks will outdo any odor. Key ingredients : Superfruit Elderberry Extract and Coconut Oil : Keep underarm skin nourished and conditioned, helping to reduce odors. Potato Starch : A naturally-derived ingredient that absorbs moisture, helping your pits feel drier. Magnesium Hydroxide : A pH-adjuster and absorbent that helps to reduce those dreaded sweat stains, letting your clothes stay fresher and longer Product details : Dermatologist-tested Conditioning Vegan Cruelty-free"
Deodorant Refillable Case,8035306766581,"[""//cdn.shopify.com/s/files/1/0627/9164/7477/products/glossier-deo-refill-case-carousel-01-update.png?v=1762200253"", ""//cdn.shopify.com/s/files/1/0627/9164/7477/products/glossier-deo-refill-case-carousel-02.png?v=1681745160"", ""//cdn.shopify.com/s/files/1/0627/9164/7477/products/glossier-deo-refill-case-carousel-04.png?v=1681745160""]",https://www.glossier.com/en-in/products/deodorant-refillable-case,60000,2026-10-02T12:27:48.726473+00:00,"Pop in, swipe on. A case for your refillable Deodorant. Re-up on your signature scent or pop a new one into this refillable case. Available in three signature scents (Sandstone, Glossier You and Orange Blossom Neroli) plus Unscented, our refillable deodorant will outdo any odor. Product Details: Conditioning Cruelty free Vegan"
Duffle Bag,8081166794997,"[""//cdn.shopify.com/s/files/1/0627/9164/7477/files/glossier-dufflebag-carousel-01.png?v=1762200544"", ""//cdn.shopify.com/s/files/1/0627/9164/7477/files/glossier-dufflebag-carousel-02.png?v=1692034730"", ""//cdn.shopify.com/s/files/1/0627/9164/7477/files/glossier-dufflebag-carousel-03.png?v=1692034730"", ""//cdn.shopify.com/s/files/1/0627/9164/7477/files/glossier-dufflebag-carousel-05.png?v=1692034730"", ""//cdn.shopify.com/s/files/1/0627/9164/7477/files/glossier-dufflebag-carousel-06.png?v=1692034730"", ""//cdn.shopify.com/s/files/1/0627/9164/7477/files/glossier-dufflebag-carousel-04.png?v=1692034731""]",https://www.glossier.com/en-in/products/duffle-bag,630000,2026-10-02T12:27:48.726473+00:00,"A take-everywhere, hold-everything bag. Meet your new go-to gym bag, long-weekend satchel, carry-everything, chic-and-sporty duffle. It comes equipped with a single main compartment, two interior pockets, a side pocket, and an adjustable, detachable shoulder strap. A desert rose colorway, with a sand-colored bag, peach straps and burgundy Glossier logo. Size: 20” x 10” x 10” Product Details: Exterior: Nylon Interior: Polyester Color: Desert Rose Care: Wipe clean with damp cloth."
Embroidered Pink Hoodie,9674603921653,"[""//cdn.shopify.com/s/files/1/0627/9164/7477/files/Galleryimage1.jpg?v=1779821179"", ""//cdn.shopify.com/s/files/1/0627/9164/7477/files/Galleryimage2.jpg?v=1779821179"", ""//cdn.shopify.com/s/files/1/0627/9164/7477/files/Galleryimage4.jpg?v=1779821178"", ""//cdn.shopify.com/s/files/1/0627/9164/7477/files/Galleryimage8.jpg?v=1779821179"", ""//cdn.shopify.com/s/files/1/0627/9164/7477/files/Galleryimage10.jpg?v=1779821179"", ""//cdn.shopify.com/s/files/1/0627/9164/7477/files/Galleryimage12.jpg?v=1779821179"", ""//cdn.shopify.com/s/files/1/0627/9164/7477/files/Galleryimage11.jpg?v=1779821178"", ""//cdn.shopify.com/s/files/1/0627/9164/7477/files/Galleryimage3.jpg?v=1779821179""]",https://www.glossier.com/en-in/products/embroidered-pink-hoodie,740000,2026-10-02T12:27:48.726473+00:00,"A hoodie you can live in. Meet your newest cozy companion for morning dog walks, coffee runs, or looking great on WFH video calls. Our Original Pink Hoodie comes with all the special comfy touches: plush material, pillow-soft fleecy inside, metal-tipped drawstrings, and a relaxed, oversized fit (generous and long; we recommend taking your true size). Materials : 70% cotton; 30% polyester fleece. Designed for a comfy fit Care: Machine wash cold with like colors, normal cycle only, do not bleach. Tumble dry low, do not iron."
Errand Bag,9677630636277,"[""//cdn.shopify.com/s/files/1/0627/9164/7477/files/GL-Pink-Capsule-PDP-Errand-Bag1.jpg?v=1779723554"", ""//cdn.shopify.com/s/files/1/0627/9164/7477/files/GL-Pink-Capsule-PDP-Errand-Bag2.jpg?v=1779723554"", ""//cdn.shopify.com/s/files/1/0627/9164/7477/files/GL-Pink-Capsule-PDP-Errand-Bag3.jpg?v=1779723554"", ""//cdn.shopify.com/s/files/1/0627/9164/7477/files/GL-Pink-Capsule-PDP-Errand-Bag4.jpg?v=1779723554"", ""//cdn.shopify.com/s/files/1/0627/9164/7477/files/GL-Pink-Capsule-PDP-Errand-Bag5.jpg?v=1779723554"", ""//cdn.shopify.com/s/files/1/0627/9164/7477/files/GL-Pink-Capsule-PDP-Errand-Bag6.jpg?v=1779723555"", ""//cdn.shopify.com/s/files/1/0627/9164/7477/files/GL-Pink-Capsule-PDP-Errand-Bag7.jpg?v=1779723554"", ""//cdn.shopify.com/s/files/1/0627/9164/7477/files/GL-Pink-Capsule-PDP-Errand-Bag8.jpg?v=1779723554"", ""//cdn.shopify.com/s/files/1/0627/9164/7477/files/GL-Pink-Capsule-PDP-Errand-Bag9.jpg?v=1779723554""]",https://www.glossier.com/en-in/products/errand-bag,170000,2026-10-02T12:27:48.726473+00:00,"Built for busy days and long to-do lists. Long day ahead? We’ve got you covered. This roomy, super durable limited edition woven tote is ready for wherever the day takes you—planned or not. With a spacious body, a handy pocket for your essentials, and Glossier Pink branded straps in two sizes, it’s built for grocery runs, laundry days, park hangs, those “I’ll just swing by for a minute” plans that turn into staying out way too late! Materials : Body: Woven Polypropylene, Handles: Polyester. Dimensions: One size: 18” x 10” x 13”"
Field Greens Blanket,7774946722037,"[""//cdn.shopify.com/s/files/1/0627/9164/7477/files/glossier-field-greensblanket-carousel-01.png?v=1762199572"", ""//cdn.shopify.com/s/files/1/0627/9164/7477/files/glossier-field-greensblanket-carousel-02.png?v=1711561550"", ""//cdn.shopify.com/s/files/1/0627/9164/7477/files/glossier-field-greensblanket-carousel-03.png?v=1711561550"", ""//cdn.shopify.com/s/files/1/0627/9164/7477/files/glossier-field-greensblanket-carousel-04.png?v=1711561550""]",https://www.glossier.com/en-in/products/field-greens-blanket,740000,2026-10-02T12:27:48.726473+00:00,"The ultimate knit blanket. Big enough to cuddle under, cozy enough to want to keep all to yourself. Our 100% cotton knitwear blanket (originally a holiday gift for the gTEAM!) is back for all your lounging needs. This super soft (and never itchy) blanket will be loved by you and your pets. Size : 50” x 50” Materials : 100% cotton ."
Fleur Sample Vial,9059298640117,"[""//cdn.shopify.com/s/files/1/0627/9164/7477/files/sample-vial-fleur-0029-Square-FINAL_8f5ba98c-2e5a-47c1-8f2b-2cf3e54b5042.jpg?v=1762202066""]",https://www.glossier.com/en-in/products/fleur-sample-vial,,2026-10-02T12:27:48.726473+00:00,
Fragrance Duo,9673207906549,"[""//cdn.shopify.com/s/files/1/0627/9164/7477/files/fragrance-duo-01.png?v=1787939917"", ""//cdn.shopify.com/s/files/1/0627/9164/7477/files/fragrance-duo-02.gif?v=1787939916""]",https://www.glossier.com/en-in/products/fragrance-duo,,2026-10-02T12:27:48.726473+00:00,A skin-scent enhancing fragrance duo.
Fragrance Trio,9673212657909,"[""//cdn.shopify.com/s/files/1/0627/9164/7477/files/fragrance-trio-01.png?v=1787939845"", ""//cdn.shopify.com/s/files/1/0627/9164/7477/files/fragrance-trio-02.gif?v=1787939846""]",https://www.glossier.com/en-in/products/fragrance-trio,,2026-10-02T12:27:48.726473+00:00,"A trio of our skin-scent enhancing floral fragrances in a pocket-friendly format. Each sharing the same warm, musky base note, they’re perfect for layering or wearing solo."
Fragrance Two Ways,9673208430837,"[""//cdn.shopify.com/s/files/1/0627/9164/7477/files/fragrance-two-ways-01.png?v=1787939781"", ""//cdn.shopify.com/s/files/1/0627/9164/7477/files/fragrance-two-ways-02.gif?v=1787939781""]",https://www.glossier.com/en-in/products/fragrance-two-ways,,2026-10-02T12:27:48.726473+00:00,Get the best of both worlds with this skin-scent enhancing fragrance set.
Full Body Routine,9119288197365,"[""//cdn.shopify.com/s/files/1/0627/9164/7477/files/glossier-0622-full-body-routine-carousel-01.png?v=1782133143"", ""//cdn.shopify.com/s/files/1/0627/9164/7477/files/glossier-full-body-routine-carousel-02.png?v=1784915984"", ""//cdn.shopify.com/s/files/1/0627/9164/7477/files/glossier-full-body-routine-carousel-03.png?v=1784915983"", ""//cdn.shopify.com/s/files/1/0627/9164/7477/files/glossier-body-trio-carousel-08.png?v=1749480072"", ""//cdn.shopify.com/s/files/1/0627/9164/7477/files/glossier-body-trio-carousel-09.png?v=1749480072"", ""//cdn.shopify.com/s/files/1/0627/9164/7477/files/glossier-full-body-routine-carousel-06.png?v=1784915983"", ""//cdn.shopify.com/s/files/1/0627/9164/7477/files/glossier-body-trio-carousel-07.png?v=1749480072"", ""//cdn.shopify.com/s/files/1/0627/9164/7477/files/glossier-full-body-routine-carousel-08.png?v=1784915983"", ""//cdn.shopify.com/s/files/1/0627/9164/7477/files/glossier-body-trio-carousel-11.png?v=1749480072"", ""//cdn.shopify.com/s/files/1/0627/9164/7477/files/glossier-full-body-routine-carousel-10.png?v=1784915983"", ""//cdn.shopify.com/s/files/1/0627/9164/7477/files/glossier-body-trio-carousel-05.png?v=1749480072""]",https://www.glossier.com/en-in/products/full-body-routine,830000,2026-10-02T12:27:48.726473+00:00,Glossier Sets Glossier Bundles Glossier Body Sets Glossier Body Care Glossier Body Care Sets Glossier Orange Blossom Neroli Glossier Sandstone Glossier Body Hero Best Body Care Sets Best Shower Sets Best Gift Sets Best Mother’s Day Gift Sets Best Gift Sets for Her Best Body Spritzes Best Body Mists Best Body Washes Best Body Lotions Best Body Moisturizers Everything Shower Routine Everything Shower How to Smell Good All The Time Elongate Perfume Lengthen Perfume Scent
Full Orbit,8185258410229,"[""//cdn.shopify.com/s/files/1/0627/9164/7477/files/glossier-skincare-full-orbit-carousel-01.png?v=1762200809"", ""//cdn.shopify.com/s/files/1/0627/9164/7477/files/glossier-fullorbit-carousel-02.png?v=1718026089"", ""//cdn.shopify.com/s/files/1/0627/9164/7477/files/glossier-fullorbit-carousel-03.png?v=1718026089"", ""//cdn.shopify.com/s/files/1/0627/9164/7477/files/glossier-fullorbit-carousel-04.png?v=1718026089"", ""//cdn.shopify.com/s/files/1/0627/9164/7477/files/glossier-fullorbit-carousel-07.png?v=1718026089"", ""//cdn.shopify.com/s/files/1/0627/9164/7477/files/glossier-fullorbit-carousel-08.png?v=1718026089"", ""//cdn.shopify.com/s/files/1/0627/9164/7477/files/glossier-fullorbit-carousel-09.png?v=1718026089"", ""//cdn.shopify.com/s/files/1/0627/9164/7477/files/glossier-fullorbit-carousel-10.png?v=1718026089"", ""//cdn.shopify.com/s/files/1/0627/9164/7477/files/glossier-fullorbit-carousel-11.png?v=1718026089"", ""//cdn.shopify.com/s/files/1/0627/9164/7477/files/glossier-fullorbit-carousel-12.png?v=1718026089""]",https://www.glossier.com/en-in/products/full-orbit,320000,2026-10-02T12:27:48.726473+00:00,"A 360° reset for every, single eye. A multi-benefit, 360° eye cream that tackles the concerns you care about most—immediately hydrating for up to 24 hours and depuffing while visibly brightening dark circles and smoothing the look of fine lines. Our unique lightweight, gel-cream texture (less likely to cause milia!) is fit for under eyes, on eyelids and along the orbital bone for overall fresher, brighter-looking eyes. Key ingredients: Our lightweight, gel-cream formula is packed with powerful ingredients that do it all—hydrate, brighten, smooth, and de-puff the entire eye area for a full circle reset. Polyglutamic Acid and Hyaluronic Acid : An ultra-hydrating Glossier-exclusive complex draws moisture into the skin for intense hydration while simultaneously helping to minimize moisture loss throughout the day. White Hawthorn & Jasmine Flower : Together, these extracts deliver an overall brightening effect and reduce the appearance of dark circles related to two common causes: hyperpigmentation and poor microcirculation. Niacinamide and Arctic Microalgae : Niacinamide (an active form of Vitamin B3 that helps smooth the look of the skin’s surface) paired with Arctic Microalgae (an extract sourced from pure glacial waters) reduce the appearance of fine lines and help minimize under eye puffiness. Clinical studies : In a 2 week consumer study, Full Orbit made eyes look well rested and gave the effect of 8 hours of sleep. The Full Orbit clinical and consumer study was conducted by a third-party testing facility and included 33 people between the ages of 25 and 55. They used the product in plain packaging for two weeks and completed a questionnaire based on their experience. An evaluator measured the skin immediately after application and at eight, 12 and 24 hours post-application. 100% i mmediately agreed Full Orbit is lightweight, easy to apply and absorbs instantly into skin. 100% i mmediately agreed skin looks and feels less puffy, smooth, hydrated and refreshed. 97% a greed after two weeks, fine lines and under eye dark circles look reduced 97% a greed after two weeks, skin in the eye area looks brighter and has a more even tone. Product details : Cruelty-free Vegan Dermatologist and Ophthalmologist tested. Suitable for contact lens wearers, sensitive skin and use on the upper lid."
Futuredew,8035305128181,"[""//cdn.shopify.com/s/files/1/0627/9164/7477/files/glossier-skincare-futuredew-carousel-01.png?v=1762200221"", ""//cdn.shopify.com/s/files/1/0627/9164/7477/files/glossier-futuredew-06.png?v=1773165986"", ""//cdn.shopify.com/s/files/1/0627/9164/7477/products/glossier-futuredew-carousel-03.png?v=1773165986"", ""//cdn.shopify.com/s/files/1/0627/9164/7477/products/futuredew-5.jpg?v=1773165986"", ""//cdn.shopify.com/s/files/1/0627/9164/7477/files/glossier-futuredew-04.png?v=1773165986"", ""//cdn.shopify.com/s/files/1/0627/9164/7477/files/glossier-futuredew-09.png?v=1773165986"", ""//cdn.shopify.com/s/files/1/0627/9164/7477/files/glossier-futuredew-07.png?v=1773165986"", ""//cdn.shopify.com/s/files/1/0627/9164/7477/files/glossier-futuredew-02.png?v=1773165986"", ""//cdn.shopify.com/s/files/1/0627/9164/7477/files/glossier-futuredew-08.png?v=1773165986""]",https://www.glossier.com/en-in/products/futuredew,340000,2026-10-02T12:27:48.726473+00:00,"An instant, dewy glow that lasts. An oil-serum hybrid that's a one-step shortcut to the way your skin looks after a full skincare routine. Packed with some of skincare’s most hydrating heavy-hitters, nourishing oils and powerful plant-based extracts give you a gleamy, well-moisturized, brighter look that lasts up to 12 hours. Key ingredients : Powerful plant-based extracts make your skin look brighter instantly and enhance your glow over time. Blend of 4 Nourishing Oils : Jojoba, Grape Seed, Evening Primrose, and Rosehip Oils are suspended in a water-in-oil emulsion, creating a cushiony, silky formula that hydrates thirsty skin while it nourishes. Evodia Rutaecarpa Extract : Fruit extract known to visibly increase brightness. Sugarcane Squalane: Plant-based ingredient that helps lock in moisture. Light-Reflecting Minerals : Gives all skin tones an immediate glow that lasts all day. Product details : Dermatologist tested, good for all skin types Nourishing Enhancing Longwearing Cruelty-Free Non-comedogenic Vegan"
Futuredew Solid,8989311336693,"[""//cdn.shopify.com/s/files/1/0627/9164/7477/files/glossier-futuredew-solid-carousel-01.png?v=1762201781"", ""//cdn.shopify.com/s/files/1/0627/9164/7477/files/glossier-futuredew-solid-carousel-02.png?v=1739301375"", ""//cdn.shopify.com/s/files/1/0627/9164/7477/files/glossier-futuredew-solid-carousel-03.png?v=1739301375"", ""//cdn.shopify.com/s/files/1/0627/9164/7477/files/glossier-futuredew-solid-carousel-04.png?v=1739301375"", ""//cdn.shopify.com/s/files/1/0627/9164/7477/files/glossier-futuredew-solid-carousel-05.png?v=1739301375"", ""//cdn.shopify.com/s/files/1/0627/9164/7477/files/glossier-futuredew-solid-carousel-06.png?v=1739301375"", ""//cdn.shopify.com/s/files/1/0627/9164/7477/files/glossier-futuredew-solid-carousel-07.png?v=1739301375"", ""//cdn.shopify.com/s/files/1/0627/9164/7477/files/glossier-futuredew-solid-carousel-08.png?v=1739301375"", ""//cdn.shopify.com/s/files/1/0627/9164/7477/files/glossier-futuredew-solid-carousel-09.png?v=1739301375"", ""//cdn.shopify.com/s/files/1/0627/9164/7477/files/glossier-futuredew-solid-carousel-10.png?v=1739301375""]",https://www.glossier.com/en-in/products/futuredew-solid,300000,2026-10-02T12:27:48.726473+00:00,"Skin leads, glow follows . Introducing an illuminating duo like no other: Futuredew in two versatile formats. Use the oil-serum hybrid for a glowing base, and a travel-friendly solid stick for easy, targeted highlights. Key ingredients : Skin conditioning heavy hitters immediately nourish + enhance your skin’s natural radiance. Concentrated Plant-Based Oils : Instantly melt into skin and lock in moisture for nourishing hydration. Sea Fennel Extract & Vitamin E Acetate : Help actively boost skin’s glow over time while neutralizing free radicals Light Reflecting Minerals: Help instantly boost skin’s radiance for a glow that lasts all day. Product details : Dermatologist tested, good for all skin types. Nourishing Enhancing Long-wearing Cruelty-free Non-comedogenic Vegan"
Generation G,8197538709749,"[""//cdn.shopify.com/s/files/1/0627/9164/7477/files/glossier-makeup-geng-cake-carousel-01.png?v=1762200830"", ""//cdn.shopify.com/s/files/1/0627/9164/7477/files/glossier-generationg-cake-carousel-2.png?v=1763704476"", ""//cdn.shopify.com/s/files/1/0627/9164/7477/files/glossier-geng-cake-03.png?v=1720705521"", ""//cdn.shopify.com/s/files/1/0627/9164/7477/files/glossier-generationg-cake-carousel-04_07105d0a-5d0b-4c4a-a701-82d00b5bf376.png?v=1720705521"", ""//cdn.shopify.com/s/files/1/0627/9164/7477/files/glossier-generationg-cake-carousel-05_10b32290-d9c8-4cc2-938f-1c716e58675b.png?v=1720705521"", ""//cdn.shopify.com/s/files/1/0627/9164/7477/files/glossier-generationg-cake-carousel-06_e4f8cf1a-5e67-4096-ac33-9cd5df5fb9ad.png?v=1720705521"", ""//cdn.shopify.com/s/files/1/0627/9164/7477/files/glossier-generationg-cake-carousel-07_999c80a2-28b6-4cee-a7db-98168ca0bd65.png?v=1720705521"", ""//cdn.shopify.com/s/files/1/0627/9164/7477/files/glossier-generationg-cake-carousel-08_1ac9cfa7-8744-4556-8822-f01346d35e02.png?v=1720705521"", ""//cdn.shopify.com/s/files/1/0627/9164/7477/files/glossier-makeup-geng-crush-carousel-01.png?v=1720705158"", ""//cdn.shopify.com/s/files/1/0627/9164/7477/files/glossier-generationg-crush-carousel-02_bf0eed83-e567-4632-8bc1-a9417fe9c455.png?v=1720705521"", ""//cdn.shopify.com/s/files/1/0627/9164/7477/files/glossier-generationg-crush-carousel-03_d629c35d-0b7d-45cf-bfe4-a3c85a2d2202.png?v=1720705521"", ""//cdn.shopify.com/s/files/1/0627/9164/7477/files/glossier-generationg-crush-carousel-04_8a4b0a8d-fca2-4d74-ab4c-5fb8f3b79027.png?v=1720705521"", ""//cdn.shopify.com/s/files/1/0627/9164/7477/files/glossier-generationg-crush-carousel-05_2ad58922-7e21-4e27-bd55-fe816a72fe91.png?v=1720705521"", ""//cdn.shopify.com/s/files/1/0627/9164/7477/files/glossier-generationg-crush-carousel-06_481bf6c9-cc65-4c21-a09e-56a3c7120ead.png?v=1720705521"", ""//cdn.shopify.com/s/files/1/0627/9164/7477/files/glossier-generationg-crush-carousel-07_44a44e1a-d2e4-49d1-b0c0-d854463ecb6b.png?v=1720705521"", ""//cdn.shopify.com/s/files/1/0627/9164/7477/files/glossier-generationg-crush-carousel-08_759ef1d6-f906-4eaf-97a5-ac80acfac112.png?v=1720705521"", ""//cdn.shopify.com/s/files/1/0627/9164/7477/files/glossier-geng-like-carousel-02.png?v=1720705521"", ""//cdn.shopify.com/s/files/1/0627/9164/7477/files/glossier-makeup-geng-like-carousel-01.png?v=1720705158"", ""//cdn.shopify.com/s/files/1/0627/9164/7477/files/glossier-generationg-like-carousel-03_75264393-8a76-4b2f-b932-ce38b2a622fe.png?v=1720705521"", ""//cdn.shopify.com/s/files/1/0627/9164/7477/files/glossier-generationg-like-carousel-04_1d1fbfa8-ae22-46c1-b0bf-37ecc6280741.png?v=1720705521"", ""//cdn.shopify.com/s/files/1/0627/9164/7477/files/glossier-generationg-like-carousel-05_b531c5e0-123b-474f-9066-2b53739fd0d3.png?v=1720705521"", ""//cdn.shopify.com/s/files/1/0627/9164/7477/files/glossier-generationg-like-carousel-06_040f988c-65bc-4fe0-a19b-d360c3f45f9d.png?v=1720705521"", ""//cdn.shopify.com/s/files/1/0627/9164/7477/files/glossier-generationg-like-carousel-07_aa46158a-a8d0-4647-b487-1e74951372ef.png?v=1720705521"", ""//cdn.shopify.com/s/files/1/0627/9164/7477/files/glossier-generationg-like-carousel-08_12950191-5521-4a24-8b5a-350e312a20b7.png?v=1720705521"", ""//cdn.shopify.com/s/files/1/0627/9164/7477/files/glossier-generationg-zip-carousel-02_179c37e4-ac32-47fc-90d8-34337255b282.png?v=1720705521"", ""//cdn.shopify.com/s/files/1/0627/9164/7477/files/glossier-makeup-geng-zip-carousel-01.png?v=1759370219"", ""//cdn.shopify.com/s/files/1/0627/9164/7477/files/glossier-generationg-zip-carousel-03_9fa4fe80-1e43-4037-8cfd-af44465a9d97.png?v=1759370219"", ""//cdn.shopify.com/s/files/1/0627/9164/7477/files/glossier-generationg-zip-carousel-04_ede3395a-6359-42fd-a64f-2e63ce67302a.png?v=1759370219"", ""//cdn.shopify.com/s/files/1/0627/9164/7477/files/glossier-generationg-zip-carousel-05_2c89ecc5-d5e6-48a1-a8ef-7972ed310707.png?v=1759370219"", ""//cdn.shopify.com/s/files/1/0627/9164/7477/files/glossier-generationg-zip-carousel-06_92ede524-a7c4-4e7d-b724-220604ebbebb.png?v=1759370219"", ""//cdn.shopify.com/s/files/1/0627/9164/7477/files/glossier-generationg-zip-carousel-07_fa841b88-69f8-475c-95c5-39ef6d9ace49.png?v=1759370219"", ""//cdn.shopify.com/s/files/1/0627/9164/7477/files/glossier-generationg-zip-carousel-08_acd1038d-ea8f-4645-a129-04e10e36f353.png?v=1759370219"", ""//cdn.shopify.com/s/files/1/0627/9164/7477/files/glossier-makeup-geng-leo-carousel-01.png?v=1759370219"", ""//cdn.shopify.com/s/files/1/0627/9164/7477/files/glossier-generationg-leo-carousel-02_382a6947-c985-4922-a3e3-26356a5bce41.png?v=1759370219"", ""//cdn.shopify.com/s/files/1/0627/9164/7477/files/glossier-geng-leo-03.png?v=1759370219"", ""//cdn.shopify.com/s/files/1/0627/9164/7477/files/glossier-generationg-leo-carousel-04_6d4b5b39-2771-4654-a445-5493d5426790.png?v=1759370219"", ""//cdn.shopify.com/s/files/1/0627/9164/7477/files/glossier-generationg-leo-carousel-05_ece65bfa-4b0e-4f64-beaf-03f9f495021a.png?v=1759370219"", ""//cdn.shopify.com/s/files/1/0627/9164/7477/files/glossier-generationg-leo-carousel-06_83c05ba9-c914-44cb-a7dc-2abc679886e9.png?v=1759370219"", ""//cdn.shopify.com/s/files/1/0627/9164/7477/files/glossier-generationg-leo-carousel-07_844f1d78-5875-4e16-8dd1-a05739aa0a92.png?v=1759370219"", ""//cdn.shopify.com/s/files/1/0627/9164/7477/files/glossier-generationg-leo-carousel-08_53d872d2-ca25-4ad5-a12b-a530b99c1ded.png?v=1759370219"", ""//cdn.shopify.com/s/files/1/0627/9164/7477/files/glossier-makeup-geng-jam-carousel-01.png?v=1759370219"", ""//cdn.shopify.com/s/files/1/0627/9164/7477/files/glossier-geng-jam-carousel-02.png?v=1759370219"", ""//cdn.shopify.com/s/files/1/0627/9164/7477/files/glossier-generationg-jam-carousel-03_4c385171-f229-48ac-a0dd-c8ca383add96.png?v=1759370219"", ""//cdn.shopify.com/s/files/1/0627/9164/7477/files/glossier-generationg-jam-carousel-04_79262794-9ed1-4c0a-bc6e-78c984336704.png?v=1759370219"", ""//cdn.shopify.com/s/files/1/0627/9164/7477/files/glossier-generationg-jam-carousel-05_9574ef7b-57f1-49bd-a30a-a739ba2edd30.png?v=1759370219"", ""//cdn.shopify.com/s/files/1/0627/9164/7477/files/glossier-generationg-jam-carousel-06_d51f9431-f9dc-4b74-8a8f-4321a17301ad.png?v=1759370219"", ""//cdn.shopify.com/s/files/1/0627/9164/7477/files/glossier-generationg-jam-carousel-07_a8cac7f1-ca0b-4a65-a4bb-0ebdc63ea04d.png?v=1759370219"", ""//cdn.shopify.com/s/files/1/0627/9164/7477/files/glossier-generationg-jam-carousel-08_a5d90a08-144c-4db4-995c-3c5348edfaa6.png?v=1759370219"", ""//cdn.shopify.com/s/files/1/0627/9164/7477/files/glossier-makeup-geng-punch-carousel-01.png?v=1759370219"", ""//cdn.shopify.com/s/files/1/0627/9164/7477/files/glossier-generationg-punch-carousel-02_805446e3-7522-4f8e-bb74-184d33b6e038.png?v=1759370219"", ""//cdn.shopify.com/s/files/1/0627/9164/7477/files/glossier-generationg-punch-carousel-03_6411d78d-1541-41fe-bdfb-55f5ed5b2495.png?v=1759370219"", ""//cdn.shopify.com/s/files/1/0627/9164/7477/files/glossier-generationg-punch-carousel-04_a59ca5cf-2dfb-4f8c-839c-74cbd501e52d.png?v=1759370219"", ""//cdn.shopify.com/s/files/1/0627/9164/7477/files/glossier-generationg-punch-carousel-05_6f689614-f1ec-4b5b-ad9d-0c04d0e1a9f1.png?v=1759370219"", ""//cdn.shopify.com/s/files/1/0627/9164/7477/files/glossier-generationg-punch-carousel-06_44620502-b7cd-4e5d-833c-b28c8fb820ea.png?v=1759370219"", ""//cdn.shopify.com/s/files/1/0627/9164/7477/files/glossier-generationg-punch-carousel-07_a7f07897-9cde-4102-806e-9df9bf1b1d12.png?v=1759370219"", ""//cdn.shopify.com/s/files/1/0627/9164/7477/files/glossier-generationg-malt-carousel-02_ce664b44-8109-4654-9839-cdf736f181b1.png?v=1759370219"", ""//cdn.shopify.com/s/files/1/0627/9164/7477/files/glossier-generationg-malt-carousel-03_062c5509-5551-47fa-944f-aaa602e9e572.png?v=1759370219"", ""//cdn.shopify.com/s/files/1/0627/9164/7477/files/glossier-generationg-malt-carousel-04_5c1633b8-93c9-4838-b1f4-84319dd527e7.png?v=1759370219"", ""//cdn.shopify.com/s/files/1/0627/9164/7477/files/glossier-generationg-malt-carousel-05_e46a7d17-0bcc-4ce0-8500-25249c848bcb.png?v=1759370219"", ""//cdn.shopify.com/s/files/1/0627/9164/7477/files/glossier-generationg-malt-carousel-07_a930dd3e-914e-4d10-b356-8d345c5c6b53.png?v=1759370219"", ""//cdn.shopify.com/s/files/1/0627/9164/7477/files/glossier-generationg-malt-carousel-08_49827112-ea4f-4e53-bcc0-2483a49aedae.png?v=1759370219"", ""//cdn.shopify.com/s/files/1/0627/9164/7477/files/glossier-generationg-malt-carousel-10_b7fc8d30-bf3f-407d-b859-dd362c17d850.png?v=1759370219"", ""//cdn.shopify.com/s/files/1/0627/9164/7477/files/glossier-generationg-fuzz-carousel-02_5c81e414-1848-4844-82f5-780571449f83.png?v=1759370219"", ""//cdn.shopify.com/s/files/1/0627/9164/7477/files/glossier-generationg-fuzz-carousel-03_2bb8bf6d-e939-489f-8ebd-4c199e4784af.png?v=1720705354"", ""//cdn.shopify.com/s/files/1/0627/9164/7477/files/glossier-generationg-fuzz-carousel-04_d540cae7-1f40-477c-921d-c394c530d977.png?v=1720705354"", ""//cdn.shopify.com/s/files/1/0627/9164/7477/files/glossier-generationg-fuzz-carousel-05_40507725-c281-4b86-afbb-c33e30afff3b.png?v=1720705354"", ""//cdn.shopify.com/s/files/1/0627/9164/7477/files/glossier-generationg-fuzz-carousel-06_c4dc160f-c748-4a56-bd2f-69e12f334359.png?v=1720705354"", ""//cdn.shopify.com/s/files/1/0627/9164/7477/files/glossier-generationg-fuzz-carousel-07_347501ec-377f-4c34-af52-7179a779d445.png?v=1720705354"", ""//cdn.shopify.com/s/files/1/0627/9164/7477/files/glossier-generationg-fuzz-carousel-08_60fafa18-9462-4c08-b066-7b1fbb823bfd.png?v=1720705354"", ""//cdn.shopify.com/s/files/1/0627/9164/7477/files/glossier-generationg-fuzz-carousel-10_2ea04026-ff81-4821-a72f-779b7110594b.png?v=1720705354""]",https://www.glossier.com/en-in/products/generation-g,230000,2026-10-02T12:27:48.726473+00:00,"Just-blotted lipstick, without the blot! A fragrance-free, buildable, sheer-matte lipstick with a perfectly diffused flush of color. Inspired by the makeup artist trick of blotting lipstick after application, one swipe glides on smooth and even (no mirror needed!) for a buildable, soft-edged, just-kissed look. Give your natural lips a little something extra, with shades Malt, Fuzz, Cake, and Leo, or go for vivid Punch, Zip, Jam and Crush to really grab the attention. Key ingredients: A surge of Blue Agave Extract, Vitamin E, and Wax-Bound Sodium Hyaluronate create a silky-smooth feel with every swipe. Wax Matrix : A combination of sunflower seed wax and sodium hyaluronate that creates a smooth, cushiony texture and feel on lips and protects against bullet breakage. Blue Agave Extract : Provides skin conditioning and antioxidant properties for nourishing, comfortable wear. Vitamin E : An essential vitamin that immediately helps soothe and care for dry skin while helping improve skin’s resilience to moisture loss and urban pollutants. Soft Focus Elasto-Powder : Provides the unique mattifying-but-not-drying effect while lips remain feeling smooth and conditioned. Product details : Easy Buildable Enhancing Cruelty-free Vegan Fragrance-free Dermatologist-tested"
Glossier Candles,8196948459765,"[""//cdn.shopify.com/s/files/1/0627/9164/7477/files/glossier-candle-you-carousel-01_8f3ee16e-d330-44ca-9fe3-05c002c16c6b.png?v=1762200827"", ""//cdn.shopify.com/s/files/1/0627/9164/7477/files/glossier-candle-you-carousel-03_f9e3b819-d7c7-42f5-9cb4-47ba8bc00992.png?v=1699557805"", ""//cdn.shopify.com/s/files/1/0627/9164/7477/files/glossier-candle-you-carousel-03_a812550f-bb5e-47f9-a823-e0cd5af794c9.png?v=1700501427"", ""//cdn.shopify.com/s/files/1/0627/9164/7477/files/glossier-candle-orange-carousel-1.png?v=1755714519"", ""//cdn.shopify.com/s/files/1/0627/9164/7477/files/glossier-candle-orange-carousel-2.png?v=1755714536"", ""//cdn.shopify.com/s/files/1/0627/9164/7477/files/glossier-candle-orange-carousel-02_0eb881d7-d1e4-4028-bef6-7b86a9fdae37.png?v=1700501427"", ""//cdn.shopify.com/s/files/1/0627/9164/7477/files/glossier-candle-sandstone-carousel-01.png?v=1700501427"", ""//cdn.shopify.com/s/files/1/0627/9164/7477/files/glossier-candle-sandstone-carousel-02.png?v=1700501427"", ""//cdn.shopify.com/s/files/1/0627/9164/7477/files/glossier-candle-sandstone-carousel-03.png?v=1700501427"", ""//cdn.shopify.com/s/files/1/0627/9164/7477/files/glossier-holiday-lilyhaze-candle-carousel-01.png?v=1758649989"", ""//cdn.shopify.com/s/files/1/0627/9164/7477/files/glossier-holiday-lilyhaze-candle-carousel-02.png?v=1758649989"", ""//cdn.shopify.com/s/files/1/0627/9164/7477/files/glossier-holiday-lilyhaze-candle-carousel-03.png?v=1758649989"", ""//cdn.shopify.com/s/files/1/0627/9164/7477/files/glossier-holiday-lilyhaze-candle-carousel-04.png?v=1758649989"", ""//cdn.shopify.com/s/files/1/0627/9164/7477/files/glossier-holiday-lilyhaze-candle-carousel-05.png?v=1758649989""]",https://www.glossier.com/en-in/products/glossier-candle,510000,2026-10-02T12:27:48.726473+00:00,"Signature scents for your space. Light up and wind down with some of our signature Glossier scents. Made with a vegan, non-paraffin wax blend of soy and coconut, our candles have a burn time of up to 45 hours. The best part? Once it’s burnt through, you can reuse the glass vessel to store makeup, pencils or whatever your heart desires! These consciously-crafted candles are made with a vegan, non-paraffin blend of soy and coconut, with a burn time of up to 45 hours. Scents available: Glossier you. : Pink Pepper, Iris, Ambrette Seeds, and Ambrox Orange Blossom Neroli : Pear, Mandarin, and Cypress Sandstone : Sandalwood, Clary Sage, and Fig Leaf. Lilyhaze (limited edition): Glazed Apricot, Vanilla Absolute and Sheer Amber Product details: Net Weight 8oz, Poids Net Weight 1.2g. Cruelty-free Vegan"
Glossier Sweatshirt,8035307454709,"[""//cdn.shopify.com/s/files/1/0627/9164/7477/products/glossier-greysweatshirt-carousel-01-updated.png?v=1762200267"", ""//cdn.shopify.com/s/files/1/0627/9164/7477/products/glossier-greysweatshirt-carousel-02.png?v=1681739799"", ""//cdn.shopify.com/s/files/1/0627/9164/7477/products/glossier-greysweatshirt-carousel-03.png?v=1681739799""]",https://www.glossier.com/en-in/products/glossier-sweatshirt,630000,2026-10-02T12:27:48.726473+00:00,"Here by popular demand. Here’s the story: originally made for our team at Glossier HQ (because our offices can get pretty chilly), then everyone started asking for them. So, we made more. With a classic crewneck, raglan sleeves, and super soft, plush fleece interior—it feels like something you’ve worn (and loved) forever. Plus, now we can all match! Materials: 50% Polyester 40% Cotton 4% Rayon"
Glossier Utility Bag,8511286575349,"[""//cdn.shopify.com/s/files/1/0627/9164/7477/files/glossier-carousel-utilitybag-01.png?v=1762201240"", ""//cdn.shopify.com/s/files/1/0627/9164/7477/files/glossier-carousel-utilitybag-02.png?v=1715087631"", ""//cdn.shopify.com/s/files/1/0627/9164/7477/files/glossier-carousel-utilitybag-03.png?v=1715087631"", ""//cdn.shopify.com/s/files/1/0627/9164/7477/files/glossier-carousel-utilitybag-04.png?v=1715087631"", ""//cdn.shopify.com/s/files/1/0627/9164/7477/files/glossier-carousel-utilitybag-05.png?v=1715087631"", ""//cdn.shopify.com/s/files/1/0627/9164/7477/files/glossier-carousel-utilitybag-06.png?v=1715087631"", ""//cdn.shopify.com/s/files/1/0627/9164/7477/files/glossier-carousel-utilitybag-07.png?v=1715087632""]",https://www.glossier.com/en-in/products/glossier-utility-bag,630000,2026-10-02T12:27:48.726473+00:00,"A take-everywhere, hold-everything tote. Flaunt both storage and style with this sturdy, strapped canvas bag embossed with Glossier’s birthplace and year— New York, New York, 2014. Carry all and carry on with seven durable pockets for products, personal belongings and everything in between. Materials : Exterior: Cotton / Interior: Polyester Care: wipe clean with damp cloth"
Glossier You,8138352754933,"[""//cdn.shopify.com/s/files/1/0627/9164/7477/files/glossier-fragrance-you-01.png?v=1762200697"", ""//cdn.shopify.com/s/files/1/0627/9164/7477/files/glossier-glossier-you-edp-50ml-carousel-02.png?v=1771857975"", ""//cdn.shopify.com/s/files/1/0627/9164/7477/files/glossier-glossier-you-edp-50ml-carousel-4.png?v=1771857717"", ""//cdn.shopify.com/s/files/1/0627/9164/7477/files/glossier-glossier-youedp-50ml-carousel-4.png?v=1771857717"", ""//cdn.shopify.com/s/files/1/0627/9164/7477/files/glossier-you-edp-50ml-carousel-5.png?v=1771858069"", ""//cdn.shopify.com/s/files/1/0627/9164/7477/files/glossier-glossier-you-50ml-carousel-6.png?v=1771858069"", ""//cdn.shopify.com/s/files/1/0627/9164/7477/files/glossier-glossier-you-edp-50ml-carousel-07.png?v=1771858069"", ""//cdn.shopify.com/s/files/1/0627/9164/7477/files/glossier-fragrance-you-xl-01.png?v=1771858069"", ""//cdn.shopify.com/s/files/1/0627/9164/7477/files/glossier-you-edp-100ml-carousel-2.png?v=1771858069"", ""//cdn.shopify.com/s/files/1/0627/9164/7477/files/glossier-glossier-you-edp-100ml-carousel-3.png?v=1771858069"", ""//cdn.shopify.com/s/files/1/0627/9164/7477/files/glossier-glossier-you-edp-100ml-carousel-4.png?v=1771858069"", ""//cdn.shopify.com/s/files/1/0627/9164/7477/files/glossier-glossier-you-edp-100ml-carousel-5.png?v=1771858069"", ""//cdn.shopify.com/s/files/1/0627/9164/7477/files/glossier-glossier-you-edp-100ml-carousel-6.png?v=1771858069"", ""//cdn.shopify.com/s/files/1/0627/9164/7477/files/glossier-fragrance-you-travelspray-01.png?v=1771858069"", ""//cdn.shopify.com/s/files/1/0627/9164/7477/files/glossier-glossier-you-edp-ts-carousel-2.png?v=1771858069"", ""//cdn.shopify.com/s/files/1/0627/9164/7477/files/glossier-glossier-you-edp-ts-carousel-3.png?v=1771858069"", ""//cdn.shopify.com/s/files/1/0627/9164/7477/files/glossier-glossier-you-edp-ts-carousel-4.png?v=1771858069"", ""//cdn.shopify.com/s/files/1/0627/9164/7477/files/glossier-glossier-you-edp-ts-carousel-5.png?v=1771858069"", ""//cdn.shopify.com/s/files/1/0627/9164/7477/files/glossier-glossier-you-edp-ts-carousel-6.png?v=1771858069"", ""//cdn.shopify.com/s/files/1/0627/9164/7477/files/glossier-glossier-you-edp-ts-carousel-7.png?v=1771858069"", ""//cdn.shopify.com/s/files/1/0627/9164/7477/files/glossier-glossier-you-edp-ts-carousel-8.png?v=1771858069""]",https://www.glossier.com/en-in/products/glossier-you,1320000,2026-10-02T12:27:48.726473+00:00,"The ultimate personal fragrance. A soft, warm and familiar fragrance formulated to be a skin-scent enhancer–meaning it smells a little different on everyone. With sparkling Pink Pepper, earthy Iris, and a warm, musky base of Ambrox and Ambrette, it leaves a scent impact that is uniquely you. Available sizes:  8 mL, 50 mL, 100 mL Mainly made up of base notes, Glossier you. lets more of you shine through. Key ingredients: Pink Pepper: Spicy, sparkling, bright Iris: Earthy, floral, woody Ambrette Seeds: Comfy, warm, sweet Ambrox: Smooth, salty, animalic Glossier you. comes packaged in a recyclable, molded paper carton and secured with a reusable rubber band for safe transit. Cruelty-free, vegan"
Glossier You Discovery Kit,9345143865589,"[""//cdn.shopify.com/s/files/1/0627/9164/7477/files/glossier-holiday-mini-wardrobe-carousel-01.png?v=1763733915"", ""//cdn.shopify.com/s/files/1/0627/9164/7477/files/glossier-holiday-mini-wardrobe-carousel-02.png?v=1763733915"", ""//cdn.shopify.com/s/files/1/0627/9164/7477/files/glossier-holiday-mini-wardrobe-carousel-03.png?v=1758305090"", ""//cdn.shopify.com/s/files/1/0627/9164/7477/files/glossier-holiday-mini-wardrobe-carousel-04.png?v=1758305090"", ""//cdn.shopify.com/s/files/1/0627/9164/7477/files/glossier-holiday-mini-wardrobe-carousel-05.png?v=1758305090"", ""//cdn.shopify.com/s/files/1/0627/9164/7477/files/glossier-holiday-mini-wardrobe-carousel-06.png?v=1758305090"", ""//cdn.shopify.com/s/files/1/0627/9164/7477/files/glossier-holiday-mini-wardrobe-carousel-08.png?v=1758305090""]",https://www.glossier.com/en-in/products/glossier-you-mini-wardrobe,170000,2026-10-02T12:27:48.726473+00:00,"Four of our Glossier You Collection fragrances gone mini. A trial-sized collection featuring four of our Glossier You fragrances:  You, Doux, Reve, and Fleur. The Glossier You Collection is a collection of skin-scent enhancers that are designed to be layered and played with. This wardrobe of skin-scent enhancers features the same warm and musky base so each fragrance smells a little different on everyone. Glossier You: Top: Pink Pepper Heart: Iris Base: Ambrox, Ambrette Glossier You Fleur Top: Mineral Salt Accord Heart: Osmanthus, Ylang Ylang, Apricot Skin, Cashmeran Base: Ambrox Glossier You Doux Top: Sweet Violet Heart: Palo Santo, Frankincense, Myrrh Base: Ambrox Glossier You Rêve Top: Buttercream Heart: Plum Butter, Toasted Almond, Iris, Sandalwood Base: Ambrox"
Glossier You Doux,8940012372213,"[""//cdn.shopify.com/s/files/1/0627/9164/7477/files/glossier-doux-launch-carousel-01.png?v=1762201739"", ""//cdn.shopify.com/s/files/1/0627/9164/7477/files/glossier-doux-launch-carousel-02.png?v=1733322225"", ""//cdn.shopify.com/s/files/1/0627/9164/7477/files/glossier-doux-launch-carousel-03.png?v=1733322225"", ""//cdn.shopify.com/s/files/1/0627/9164/7477/files/glossier-doux-launch-carousel-04.png?v=1733322225"", ""//cdn.shopify.com/s/files/1/0627/9164/7477/files/glossier-doux-launch-carousel-05.png?v=1733322225"", ""//cdn.shopify.com/s/files/1/0627/9164/7477/files/glossier-doux-launch-carousel-06.png?v=1733322225"", ""//cdn.shopify.com/s/files/1/0627/9164/7477/files/glossier-doux-launch-carousel-07.png?v=1733322225"", ""//cdn.shopify.com/s/files/1/0627/9164/7477/files/glossier-doux-launch-carousel-08.png?v=1733322225"", ""//cdn.shopify.com/s/files/1/0627/9164/7477/files/glossier-doux-launch-carousel-09.png?v=1733322225"", ""//cdn.shopify.com/s/files/1/0627/9164/7477/files/glossier-doux-launch-carousel-10.png?v=1733322225"", ""//cdn.shopify.com/s/files/1/0627/9164/7477/files/glossier-doux-8ml-carousel-01.png?v=1733239628"", ""//cdn.shopify.com/s/files/1/0627/9164/7477/files/glossier-doux-8ml-carousel-02.png?v=1733239628"", ""//cdn.shopify.com/s/files/1/0627/9164/7477/files/glossier-doux-8ml-carousel-03.png?v=1733239628"", ""//cdn.shopify.com/s/files/1/0627/9164/7477/files/glossier-doux-8ml-carousel-04.png?v=1733239628"", ""//cdn.shopify.com/s/files/1/0627/9164/7477/files/glossier-doux-8ml-carousel-05.png?v=1733239628"", ""//cdn.shopify.com/s/files/1/0627/9164/7477/files/glossier-doux-8ml-carousel-06.png?v=1733239628"", ""//cdn.shopify.com/s/files/1/0627/9164/7477/files/glossier-doux-8ml-carousel-07.png?v=1733239628"", ""//cdn.shopify.com/s/files/1/0627/9164/7477/files/glossier-carousel-doux-xl-01.png?v=1755787773"", ""//cdn.shopify.com/s/files/1/0627/9164/7477/files/glossier-carousel-doux-xl-02.png?v=1755787784"", ""//cdn.shopify.com/s/files/1/0627/9164/7477/files/glossier-carousel-doux-xl-03.png?v=1755787784"", ""//cdn.shopify.com/s/files/1/0627/9164/7477/files/glossier-carousel-doux-xl-04.png?v=1755787784"", ""//cdn.shopify.com/s/files/1/0627/9164/7477/files/glossier-carousel-doux-xl-05.png?v=1755787784"", ""//cdn.shopify.com/s/files/1/0627/9164/7477/files/glossier-carousel-doux-xl-06.png?v=1755787784"", ""//cdn.shopify.com/s/files/1/0627/9164/7477/files/glossier-carousel-doux-xl-07.png?v=1755787784""]",https://www.glossier.com/en-in/products/glossier-you-doux,1320000,2026-10-02T12:27:48.726473+00:00,"Glossier You Doux is a soft and serene woody fragrance that opens with Sweet Violet, followed by a precious blend of woody Palo Santo, Frankincense and smoky Myrrh—heightened by a warm, musky base driven by Ambrox. Doux is a skin-scent enhancer that wears close to the skin and true to you, never overpowering your unique scent—because you are the final ingredient. TOP : Sweet Violet HEART : Palo Santo, Frankincense, Myrrh BASE: Ambrette, Ambrox"
Glossier You Fleur,9002628088053,"[""//cdn.shopify.com/s/files/1/0627/9164/7477/files/glossier-fleur-50ml-carousel-01.png?v=1762201806"", ""//cdn.shopify.com/s/files/1/0627/9164/7477/files/glossier-fleur-50ml-launch-carousel-02.png?v=1743045949"", ""//cdn.shopify.com/s/files/1/0627/9164/7477/files/glossier-fleur-50ml-launch-carousel-03.png?v=1743045949"", ""//cdn.shopify.com/s/files/1/0627/9164/7477/files/glossier-fleur-50ml-launch-carousel-04.png?v=1743045949"", ""//cdn.shopify.com/s/files/1/0627/9164/7477/files/glossier-fleur-50ml-launch-carousel-05.png?v=1743045949"", ""//cdn.shopify.com/s/files/1/0627/9164/7477/files/glossier-fleur-50ml-launch-carousel-06.png?v=1743045949"", ""//cdn.shopify.com/s/files/1/0627/9164/7477/files/glossier-fleur-50ml-launch-carousel-07.png?v=1743045949"", ""//cdn.shopify.com/s/files/1/0627/9164/7477/files/glossier-fleur-50ml-launch-carousel-08.png?v=1743045949"", ""//cdn.shopify.com/s/files/1/0627/9164/7477/files/glossier-fleur-50ml-carousel-09.png?v=1743045967"", ""//cdn.shopify.com/s/files/1/0627/9164/7477/files/glossier-fleur-8ml-carousel-01.png?v=1743045949"", ""//cdn.shopify.com/s/files/1/0627/9164/7477/files/glossier-fleur-8ml-carousel-02.png?v=1743045949"", ""//cdn.shopify.com/s/files/1/0627/9164/7477/files/glossier-fleur-8ml-carousel-03.png?v=1743045949"", ""//cdn.shopify.com/s/files/1/0627/9164/7477/files/glossier-fleur-8ml-carousel-04.png?v=1743045949"", ""//cdn.shopify.com/s/files/1/0627/9164/7477/files/glossier-fleur-8ml-launch-carousel-05.png?v=1743045949"", ""//cdn.shopify.com/s/files/1/0627/9164/7477/files/glossier-fleur-8ml-launch-carousel-06.png?v=1743045949"", ""//cdn.shopify.com/s/files/1/0627/9164/7477/files/glossier-fleur-8ml-launch-carousel-07.png?v=1743045949"", ""//cdn.shopify.com/s/files/1/0627/9164/7477/files/glossier-fleur-8ml-carousel-08.png?v=1743045949""]",https://www.glossier.com/en-in/products/glossier-you-fleur,930000,2026-10-02T12:27:48.726473+00:00,"The wonder of you. An airy and luminous floral blend that opens with a textured Mineral Salt Accord, followed by a heart of Osmanthus, Ylang Ylang, Apricot Skin and Cashmeran. Complete with a warm, musky base driven by Ambrox. Fleur is a skin-scent enhancer that wears close to the skin and true to you, never overpowering your unique scent—because you are the final ingredient. Available sizes:  8 mL, 50 mL Scent Notes Fleur shares the same warm, musky base note as Glossier You — so it smells a little bit different on everyone. Top: Mineral Salt Accord Heart: Osmanthus, Ylang Ylang, Apricot Skin, Cashmeran Base: Ambrox Cruelty Free, Vegan"
Glossier You Rêve,8940009718005,"[""//cdn.shopify.com/s/files/1/0627/9164/7477/files/glossier-reve-launch-carousel-01.png?v=1762201738"", ""//cdn.shopify.com/s/files/1/0627/9164/7477/files/glossier-reve-launch-carousel-02.png?v=1733321093"", ""//cdn.shopify.com/s/files/1/0627/9164/7477/files/glossier-reve-launch-carousel-03.png?v=1733321093"", ""//cdn.shopify.com/s/files/1/0627/9164/7477/files/glossier-reve-launch-carousel-04.png?v=1733321093"", ""//cdn.shopify.com/s/files/1/0627/9164/7477/files/glossier-reve-launch-carousel-05.png?v=1733321093"", ""//cdn.shopify.com/s/files/1/0627/9164/7477/files/glossier-reve-launch-carousel-06.png?v=1733321093"", ""//cdn.shopify.com/s/files/1/0627/9164/7477/files/glossier-reve-launch-carousel-07.png?v=1733321093"", ""//cdn.shopify.com/s/files/1/0627/9164/7477/files/glossier-reve-launch-carousel-08.png?v=1733321093"", ""//cdn.shopify.com/s/files/1/0627/9164/7477/files/glossier-reve-launch-carousel-09.png?v=1733321093"", ""//cdn.shopify.com/s/files/1/0627/9164/7477/files/glossier-reve-launch-carousel-10.png?v=1733321093"", ""//cdn.shopify.com/s/files/1/0627/9164/7477/files/glossier-reve-launch-carousel-11.png?v=1733321093"", ""//cdn.shopify.com/s/files/1/0627/9164/7477/files/glossier-reve-8ml-carousel-01.png?v=1733177177"", ""//cdn.shopify.com/s/files/1/0627/9164/7477/files/glossier-reve-8ml-carousel-02.png?v=1733177177"", ""//cdn.shopify.com/s/files/1/0627/9164/7477/files/glossier-reve-8ml-carousel-03.png?v=1733177177"", ""//cdn.shopify.com/s/files/1/0627/9164/7477/files/glossier-reve-8ml-carousel-04.png?v=1733177177"", ""//cdn.shopify.com/s/files/1/0627/9164/7477/files/glossier-reve-8ml-carousel-05.png?v=1733177177"", ""//cdn.shopify.com/s/files/1/0627/9164/7477/files/glossier-reve-8ml-carousel-06.png?v=1733177177""]",https://www.glossier.com/en-in/products/glossier-you-reve,930000,2026-10-02T12:27:48.726473+00:00,"The rush of you. Glossier You Rêve is a lush, dreamy gourmand fragrance that opens with rich Buttercream, followed by an addictive center of Plum Butter, Toasted Almond, Iris and creamy white Sandalwood—heightened by a warm, musky base driven by Ambrox. Rêve is a skin-scent enhancer that wears close to the skin and true to you, never overpowering your unique scent—because you are the final ingredient. Available sizes:  8mL, 50mL Scent Notes Rêve shares the same warm, musky base notes as Glossier You — so it smells a little bit different on everyone. Buttercream: Milky, lush, vanillic Plum Butter: Fruity, velvety, dark Toasted Almond: Nutty, comforting, addictive Iris: Earthy, floral, woody Sandalwood: Woody, creamy Ambrox + Ambrette: Smooth, salty, animalic + comfy, warm, sweet Cruelty Free, Vegan"
Glossier You Soie,9478056870133,"[""//cdn.shopify.com/s/files/1/0627/9164/7477/files/new-glossier-fragrance-you-soie-carousel-01.jpg?v=1773944820"", ""//cdn.shopify.com/s/files/1/0627/9164/7477/files/glossier-glossier-you-soie-launch-carousel-02.png?v=1778683020"", ""//cdn.shopify.com/s/files/1/0627/9164/7477/files/glossier-glossier-you-soie-teaser-ugc-2-carousel-03.png?v=1778683011"", ""//cdn.shopify.com/s/files/1/0627/9164/7477/files/glossier-glossier-you-soie-launch-carousel-8.png?v=1774532668"", ""//cdn.shopify.com/s/files/1/0627/9164/7477/files/glossier-glossier-you-soie-launch-carousel-5.png?v=1774532668"", ""//cdn.shopify.com/s/files/1/0627/9164/7477/files/glossier-glossier-you-soie-teaser-ugc-5.png?v=1774532668"", ""//cdn.shopify.com/s/files/1/0627/9164/7477/files/glossier-glossier-you-soie-launch-carousel-7.png?v=1774532668"", ""//cdn.shopify.com/s/files/1/0627/9164/7477/files/glossier-glossier-you-soie-launch-carousel-4.png?v=1774532668"", ""//cdn.shopify.com/s/files/1/0627/9164/7477/files/glossier-glossier-you-soie-launch-carousel-9.png?v=1774532668"", ""//cdn.shopify.com/s/files/1/0627/9164/7477/files/glossier-soie-8ml-carousel-01.png?v=1774553556"", ""//cdn.shopify.com/s/files/1/0627/9164/7477/files/glossier-soie-8ml-carousel-02_0916fd3b-0b21-4e7e-8368-519833db68c2.png?v=1774553556"", ""//cdn.shopify.com/s/files/1/0627/9164/7477/files/glossier-soie-8ml-carousel-03_8416466b-f069-483a-bd00-02a824cafbd9.png?v=1774553556"", ""//cdn.shopify.com/s/files/1/0627/9164/7477/files/glossier-soie-8ml-carousel-04_b87d8c81-2651-4a97-a3a3-a6c7fd0d3ad6.png?v=1774553556"", ""//cdn.shopify.com/s/files/1/0627/9164/7477/files/glossier-soie-8ml-carousel-05_a3f7ddc1-38b0-4729-abd2-177f70fc9444.png?v=1774553556"", ""//cdn.shopify.com/s/files/1/0627/9164/7477/files/glossier-soie-8ml-carousel-06_a9208011-5d14-4e1c-a4aa-0f199b444a7a.png?v=1774553556"", ""//cdn.shopify.com/s/files/1/0627/9164/7477/files/glossier-soie-8ml-carousel-07_df75e239-03de-4eec-949e-3d0a353901c7.png?v=1774553556"", ""//cdn.shopify.com/s/files/1/0627/9164/7477/files/glossier-soie-8ml-carousel-08_e8a72468-e387-47f8-ab26-4709a15f59ae.png?v=1774553556""]",https://www.glossier.com/en-in/products/glossier-you-soie,930000,2026-10-02T12:27:48.726473+00:00,"You smell like vacation. You know that feeling you get on vacation, when you’re standing on the beach at dusk? Your skin is still salty and warm, the air is starting to cool, and anything seems possible. That’s Glossier You Soie. A skin-scent enhancing sensual and creamy solar fragrance. Bright, cool Bergamot opens into a blend of Rice Milk, Tiare Water and Evening Jasmine, grounded by a warm, musky base of Ambrox that wears close to skin—so it smells a little different on everyone! Available sizes:  8 mL, 50 mL Scent Notes Soie shares the same warm, musky base note as Glossier You—so it smells a little bit different on everyone. Top: Bergamot Heart: Rice Milk, Tiare Water, Evening Jasmine Base: Ambrox Cruelty Free, Vegan"
Glossier You Solid,8035305390325,"[""//cdn.shopify.com/s/files/1/0627/9164/7477/files/glossier-fragrance-you-solid-01.png?v=1762200226"", ""//cdn.shopify.com/s/files/1/0627/9164/7477/products/glossier-you-solid-carousel-02.png?v=1681481698"", ""//cdn.shopify.com/s/files/1/0627/9164/7477/products/glossier-you-solid-carousel-03.png?v=1681481698"", ""//cdn.shopify.com/s/files/1/0627/9164/7477/products/glossier-you-solid-carousel-04.png?v=1681481698"", ""//cdn.shopify.com/s/files/1/0627/9164/7477/products/glossier-you-solid-carousel-05.png?v=1681481698"", ""//cdn.shopify.com/s/files/1/0627/9164/7477/products/glossier-you-solid-carousel-06.png?v=1681481698""]",https://www.glossier.com/en-in/products/glossier-you-solid,400000,2026-10-02T12:27:48.726473+00:00,"Always with you. Glossier You, the ultimate personal fragrance, in the ultimate personal format—a refillable, pocket and travel-friendly, solid compact. The solid formula is softer and more intimate, with an alcohol-free, anhydrous wax base that quite literally melts into skin and holds the fragrance close, almost like it’s a part of you. Instead of being surrounded by a cloud of scent, you get friendly reminders throughout the day when you catch a whiff of your wrist or neck of your sweater—creamy, warm, sparkling notes of ambrox, ambrette, musk, iris root and pink pepper. Key ingredients: Pink Pepper: Spicy, sparkling, bright Iris: Earthy, floral, woody Ambrette Seeds: Comfy, warm, sweet Ambrox: Smooth, salty, animalic Product details : Buildable Cruelty free Refillable Vegan"
Glossier You Solid Refill,8035305193717,"[""//cdn.shopify.com/s/files/1/0627/9164/7477/files/glossier-fragrance-you-solidrefill-01.png?v=1762200222"", ""//cdn.shopify.com/s/files/1/0627/9164/7477/products/glossier-you-solidrefill-carousel-02.png?v=1680189067"", ""//cdn.shopify.com/s/files/1/0627/9164/7477/products/glossier-you-solidrefill-carousel-03.png?v=1680189067"", ""//cdn.shopify.com/s/files/1/0627/9164/7477/products/glossier-you-solidrefill-carousel-04.png?v=1680189067""]",https://www.glossier.com/en-in/products/glossier-you-solid-refill,290000,2026-10-02T12:27:48.726473+00:00,"Can’t get enough of you . The solid refill of our ultimate personal fragrance, Glossier You. The solid formula is softer and more intimate, with an alcohol-free, anhydrous wax base that quite literally melts into skin and holds the fragrance close, almost like it’s a part of you. Instead of being surrounded by a cloud of scent, you get friendly reminders throughout the day when you catch a whiff of your wrist or neck of your sweater—creamy, warm, sparkling notes of ambrox, ambrette, musk, iris root and pink pepper. Key ingredients: Pink Pepper: Spicy, sparkling, bright Iris: Earthy, floral, woody Ambrette Seeds: Comfy, warm, sweet Ambrox: Smooth, salty, animalic Product details : Buildable Cruelty free Refillable Vegan"
Hand Cream,9349787418869,"[""//cdn.shopify.com/s/files/1/0627/9164/7477/files/glossier-holiday-handcream-carousel-01.png?v=1759155006"", ""//cdn.shopify.com/s/files/1/0627/9164/7477/files/glossier-holiday-handcream-carousel-02.png?v=1759155006"", ""//cdn.shopify.com/s/files/1/0627/9164/7477/files/glossier-holiday-handcream-carousel-03.png?v=1759155006"", ""//cdn.shopify.com/s/files/1/0627/9164/7477/files/glossier-holiday-handcream-carousel-04.png?v=1759155006"", ""//cdn.shopify.com/s/files/1/0627/9164/7477/files/glossier-holiday-handcream-carousel-05.png?v=1759155006"", ""//cdn.shopify.com/s/files/1/0627/9164/7477/files/glossier-holiday-handcream-carousel-06.png?v=1759155006"", ""//cdn.shopify.com/s/files/1/0627/9164/7477/files/glossier-holiday-handcream-carousel-07.png?v=1759155006"", ""//cdn.shopify.com/s/files/1/0627/9164/7477/files/glossier-holiday-handcream-lilyhaze-carousel-01.png?v=1759155006"", ""//cdn.shopify.com/s/files/1/0627/9164/7477/files/glossier-holiday-handcream-lilyhaze-carousel-02.png?v=1759155006"", ""//cdn.shopify.com/s/files/1/0627/9164/7477/files/glossier-holiday-handcream-lilyhaze-carousel-03.png?v=1759155006"", ""//cdn.shopify.com/s/files/1/0627/9164/7477/files/glossier-holiday-handcream-lilyhaze-carousel-04.png?v=1759155006"", ""//cdn.shopify.com/s/files/1/0627/9164/7477/files/glossier-holiday-handcream-lilyhaze-carousel-05.png?v=1759155006"", ""//cdn.shopify.com/s/files/1/0627/9164/7477/files/glossier-holiday-handcream-lilyhaze-carousel-06.png?v=1759155006"", ""//cdn.shopify.com/s/files/1/0627/9164/7477/files/glossier-holiday-handcream-lilyhaze-carousel-07.png?v=1759155006"", ""//cdn.shopify.com/s/files/1/0627/9164/7477/files/glossier-holiday-handcream-obn-carousel-01.png?v=1759155006"", ""//cdn.shopify.com/s/files/1/0627/9164/7477/files/glossier-holiday-handcream-obn-carousel-02.png?v=1759155006"", ""//cdn.shopify.com/s/files/1/0627/9164/7477/files/glossier-holiday-handcream-obn-carousel-03.png?v=1759155006"", ""//cdn.shopify.com/s/files/1/0627/9164/7477/files/glossier-holiday-handcream-obn-carousel-04.png?v=1759155006"", ""//cdn.shopify.com/s/files/1/0627/9164/7477/files/glossier-holiday-handcream-obn-carousel-05.png?v=1759155006"", ""//cdn.shopify.com/s/files/1/0627/9164/7477/files/glossier-holiday-handcream-obn-carousel-06.png?v=1759155006"", ""//cdn.shopify.com/s/files/1/0627/9164/7477/files/glossier-holiday-handcream-obn-carousel-07.png?v=1759155006"", ""//cdn.shopify.com/s/files/1/0627/9164/7477/files/glossier-holiday-handcream-sandstone-carousel-01.png?v=1759155006"", ""//cdn.shopify.com/s/files/1/0627/9164/7477/files/glossier-holiday-handcream-sandstone-carousel-02.png?v=1759155006"", ""//cdn.shopify.com/s/files/1/0627/9164/7477/files/glossier-holiday-handcream-sandstone-carousel-03.png?v=1759155006"", ""//cdn.shopify.com/s/files/1/0627/9164/7477/files/glossier-holiday-handcream-sandstone-carousel-04.png?v=1759155006"", ""//cdn.shopify.com/s/files/1/0627/9164/7477/files/glossier-holiday-handcream-sandstone-carousel-05.png?v=1759155006"", ""//cdn.shopify.com/s/files/1/0627/9164/7477/files/glossier-holiday-handcream-sandstone-carousel-06.png?v=1759155006"", ""//cdn.shopify.com/s/files/1/0627/9164/7477/files/glossier-holiday-handcream-sandstone-carousel-07.png?v=1759155006""]",https://www.glossier.com/en-in/products/hand-cream,230000,2026-10-02T12:27:48.726473+00:00,"Always have hydration on hand. A supercharged cream that helps you keep moisture on hand. The palm-sized pod with a 360º easy-to-squeeze curve and click-to-close cap makes moisturizing on the go quick and convenient, while securing against spills. The fast-absorbing formula nourishes dry skin without ever getting greasy and uses a “second skin” matrix to lock in moisture. Key ingredients: Glycofilm Pollustop and Meadowfoam Seed Oil lock in moisture, while an antioxidant-rich botanical blend soothes and softens hard-at-work (or play) hands. Glycofilm Pollustop: Key ingredient that helps form a physical film (or matrix) to lock the moisture in. Botanical Blend : Antioxidant-rich extracts of Rosemary Leaf, Echinacea, Sunflower, and Rice Bran soothe and soften dry skin. Fermented Coconut Fruit Extract : Optimized with nutrients for thirsty skin, fermented for better absorption. Meadowfoam Seed Oil : Rich in fatty acids to help lock in moisture. Product details: Dermatologist-tested, cruelty-free, good for all skin types."
In A New York Minute Set,9748303511797,"[""//cdn.shopify.com/s/files/1/0627/9164/7477/files/glossier-newyorkminute--set-carousel-updated.png?v=1788374006"", ""//cdn.shopify.com/s/files/1/0627/9164/7477/files/glossier-iheartny-balm-the-ny-minute-carousel-02.png?v=1783963555"", ""//cdn.shopify.com/s/files/1/0627/9164/7477/files/glossier-iheartny-balm-the-ny-minute-carousel-03.png?v=1783963555"", ""//cdn.shopify.com/s/files/1/0627/9164/7477/files/glossier-iheartny-balm-the-ny-minute-carousel-04.png?v=1783963554"", ""//cdn.shopify.com/s/files/1/0627/9164/7477/files/glossier-iheartny-balm-the-ny-minute-carousel-05.png?v=1783963555"", ""//cdn.shopify.com/s/files/1/0627/9164/7477/files/glossier-iheartny-balm-the-ny-minute-carousel-06.png?v=1783963554"", ""//cdn.shopify.com/s/files/1/0627/9164/7477/files/glossier-iheartny-balm-the-ny-minute-carousel-07.png?v=1783963555"", ""//cdn.shopify.com/s/files/1/0627/9164/7477/files/glossier-iheartny-balm-the-ny-minute-carousel-08.png?v=1783963555"", ""//cdn.shopify.com/s/files/1/0627/9164/7477/files/glossier-iheartny-balm-the-ny-minute-carousel-09.png?v=1783963555"", ""//cdn.shopify.com/s/files/1/0627/9164/7477/files/glossier-iheartny-balm-the-ny-minute-carousel-10.png?v=1783963555"", ""//cdn.shopify.com/s/files/1/0627/9164/7477/files/glossier-iheartny-balm-the-ny-minute-carousel-11.png?v=1783963555""]",https://www.glossier.com/en-in/products/in-a-new-york-minute,800000,2026-10-02T12:27:48.726473+00:00,
Lash Slick,8035305554165,"[""//cdn.shopify.com/s/files/1/0627/9164/7477/files/glossier-makeup-lashslick-black-01.png?v=1762200231"", ""//cdn.shopify.com/s/files/1/0627/9164/7477/products/glossier-lashslick-black-carousel-02.png?v=1681502902"", ""//cdn.shopify.com/s/files/1/0627/9164/7477/products/glossier-lashslick-black-carousel-07.png?v=1681502902"", ""//cdn.shopify.com/s/files/1/0627/9164/7477/products/glossier-lashslick-black-carousel-06.png?v=1681502902"", ""//cdn.shopify.com/s/files/1/0627/9164/7477/products/glossier-lashslick-black-carousel-05.png?v=1681502902"", ""//cdn.shopify.com/s/files/1/0627/9164/7477/products/glossier-lashslick-black-carousel-04.png?v=1681502902"", ""//cdn.shopify.com/s/files/1/0627/9164/7477/products/glossier-lashslick-black-carousel-03.png?v=1681502902"", ""//cdn.shopify.com/s/files/1/0627/9164/7477/files/glossier-makeup-lashslick-brown-01.png?v=1726759396"", ""//cdn.shopify.com/s/files/1/0627/9164/7477/products/glossier-lashslick-brown-carousel-02.png?v=1683048392"", ""//cdn.shopify.com/s/files/1/0627/9164/7477/products/glossier-lashslick-brown-carousel-03.png?v=1683048392"", ""//cdn.shopify.com/s/files/1/0627/9164/7477/products/glossier-lashslick-brown-carousel-04.png?v=1683048392"", ""//cdn.shopify.com/s/files/1/0627/9164/7477/products/glossier-lashslick-brown-carousel-05.png?v=1683048392"", ""//cdn.shopify.com/s/files/1/0627/9164/7477/products/glossier-lashslick-brown-carousel-06.png?v=1683048392"", ""//cdn.shopify.com/s/files/1/0627/9164/7477/products/glossier-lashslick-brown-carousel-07.png?v=1683048392""]",https://www.glossier.com/en-in/products/lash-slick,230000,2026-10-02T12:27:48.726473+00:00,"Extensions without the extensions. Our best-selling mascara visibly lengthens and lifts lashes for a baby extensions effect. More: ‘Your lashes look good’ than ‘your mascara looks good’. The weightless, flexible formula will give you natural-looking lift and length with teeny-tiny fibers that coat each individual lash from root to tip for maximum definition. Come for better-looking lashes, stay for the long-wearing, water-resistant (not waterproof) formula that stays in place for up to 12 hours—without smudging or flaking*. *Tested on Lash Slick in Black only. Key ingredients : Provitamin B5 and Biotinyl Tripeptide-1 create sleek, shiny, cared-for lashes, making it the perfect go-to mascara. Japanese Fiber Technology : One and two millimeter-long curved fibers cling onto each individual lash, adding length without weighing down your lashes. Consider these your “extensions.” Vegan Biotin : Conditions for softer feeling lashes over time. Natural Shine Polymers : Enhances the formula’s black pigments so lashes are extra shiny and sleek. Tapered Comb Brush : The tiered bristles and precise tip separate top and bottom lashes at the root, ensuring even application. Product details : Smudge-resistant, formulated without fragrance, dermatologist-tested, ophthalmologist-tested, suitable for sensitive eyes and contact lens wearers* (*Tested on Lash Slick in Black only.) Conditioning Cruelty-free"
Lash Slick Duo,8035305029877,"[""//cdn.shopify.com/s/files/1/0627/9164/7477/files/glossier-lash-slick-duo_1.png?v=1784234647"", ""//cdn.shopify.com/s/files/1/0627/9164/7477/products/glossier-lashslickduo-carousel-02.png?v=1714505676"", ""//cdn.shopify.com/s/files/1/0627/9164/7477/products/glossier-lashslickduo-carousel-03.png?v=1714505676"", ""//cdn.shopify.com/s/files/1/0627/9164/7477/products/glossier-lashslickduo-carousel-04.png?v=1714505676"", ""//cdn.shopify.com/s/files/1/0627/9164/7477/products/glossier-lashslickduo-carousel-05.png?v=1714505676"", ""//cdn.shopify.com/s/files/1/0627/9164/7477/products/glossier-lashslickduo-carousel-06.png?v=1714505676"", ""//cdn.shopify.com/s/files/1/0627/9164/7477/products/glossier-lashslickduo-carousel-07.png?v=1714505676"", ""//cdn.shopify.com/s/files/1/0627/9164/7477/products/glossier-lashslickduo-carousel-08.png?v=1714505676""]",https://www.glossier.com/en-in/products/lash-slick-duo,410000,2026-10-02T12:27:48.726473+00:00,eye makeup mascara lashes Lash Slick lengthening mascara smudge proof mascara natural looking mascara black mascara Lash extensions False lashes Fake lashes
Lidstar,8035307651317,"[""//cdn.shopify.com/s/files/1/0627/9164/7477/files/glossier-lidstar-herb-01.png?v=1762200271"", ""//cdn.shopify.com/s/files/1/0627/9164/7477/products/glossier-lidstar-herb-carousel-02.png?v=1680189091"", ""//cdn.shopify.com/s/files/1/0627/9164/7477/products/glossier-lidstar-herb-carousel-03.png?v=1680189091"", ""//cdn.shopify.com/s/files/1/0627/9164/7477/products/glossier-lidstar-herb-carousel-04.png?v=1680189091"", ""//cdn.shopify.com/s/files/1/0627/9164/7477/products/glossier-lidstar-herb-carousel-06.png?v=1680189091"", ""//cdn.shopify.com/s/files/1/0627/9164/7477/products/glossier-lidstar-herb-carousel-07.png?v=1680189091"", ""//cdn.shopify.com/s/files/1/0627/9164/7477/products/glossier-lidstar-herb-carousel-08.png?v=1680189091"", ""//cdn.shopify.com/s/files/1/0627/9164/7477/products/glossier-lidstar-herb-carousel-09.png?v=1680189091"", ""//cdn.shopify.com/s/files/1/0627/9164/7477/products/glossier-lidstar-fawn-carousel-02.png?v=1680189102"", ""//cdn.shopify.com/s/files/1/0627/9164/7477/products/glossier-lidstar-fawn-carousel-03.png?v=1680189102"", ""//cdn.shopify.com/s/files/1/0627/9164/7477/products/glossier-lidstar-fawn-carousel-04.png?v=1680189102"", ""//cdn.shopify.com/s/files/1/0627/9164/7477/products/glossier-lidstar-fawn-carousel-06.png?v=1680189102"", ""//cdn.shopify.com/s/files/1/0627/9164/7477/products/glossier-lidstar-fawn-carousel-07.png?v=1680189102"", ""//cdn.shopify.com/s/files/1/0627/9164/7477/products/glossier-lidstar-fawn-carousel-08.png?v=1680189102"", ""//cdn.shopify.com/s/files/1/0627/9164/7477/products/glossier-lidstar-fawn-carousel-09.png?v=1680189102"", ""//cdn.shopify.com/s/files/1/0627/9164/7477/products/glossier-lidstar-cub-carousel-02.png?v=1680189102"", ""//cdn.shopify.com/s/files/1/0627/9164/7477/products/glossier-lidstar-cub-carousel-03.png?v=1680189113"", ""//cdn.shopify.com/s/files/1/0627/9164/7477/products/glossier-lidstar-cub-carousel-04.png?v=1680189113"", ""//cdn.shopify.com/s/files/1/0627/9164/7477/products/glossier-lidstar-cub-carousel-06.png?v=1680189113"", ""//cdn.shopify.com/s/files/1/0627/9164/7477/products/glossier-lidstar-cub-carousel-07.png?v=1680189113"", ""//cdn.shopify.com/s/files/1/0627/9164/7477/products/glossier-lidstar-cub-carousel-08.png?v=1680189113"", ""//cdn.shopify.com/s/files/1/0627/9164/7477/products/glossier-lidstar-cub-carousel-09.png?v=1680189113"", ""//cdn.shopify.com/s/files/1/0627/9164/7477/files/glossier-lidstar-slip-01.png?v=1726759471"", ""//cdn.shopify.com/s/files/1/0627/9164/7477/products/glossier-lidstar-slip-carousel-02.png?v=1680189113"", ""//cdn.shopify.com/s/files/1/0627/9164/7477/products/glossier-lidstar-slip-carousel-03.png?v=1680189113"", ""//cdn.shopify.com/s/files/1/0627/9164/7477/products/glossier-lidstar-slip-carousel-04.png?v=1680189124"", ""//cdn.shopify.com/s/files/1/0627/9164/7477/products/glossier-lidstar-slip-carousel-06.png?v=1680189124"", ""//cdn.shopify.com/s/files/1/0627/9164/7477/products/glossier-lidstar-slip-carousel-07.png?v=1680189124"", ""//cdn.shopify.com/s/files/1/0627/9164/7477/products/glossier-lidstar-slip-carousel-08.png?v=1680189124"", ""//cdn.shopify.com/s/files/1/0627/9164/7477/products/glossier-lidstar-slip-carousel-09.png?v=1680189124"", ""//cdn.shopify.com/s/files/1/0627/9164/7477/products/glossier-lidstar-moon-carousel-02.png?v=1680189124"", ""//cdn.shopify.com/s/files/1/0627/9164/7477/products/glossier-lidstar-moon-carousel-03.png?v=1680189124"", ""//cdn.shopify.com/s/files/1/0627/9164/7477/products/glossier-lidstar-moon-carousel-04.png?v=1680189124"", ""//cdn.shopify.com/s/files/1/0627/9164/7477/products/glossier-lidstar-moon-carousel-06.png?v=1680189136"", ""//cdn.shopify.com/s/files/1/0627/9164/7477/products/glossier-lidstar-moon-carousel-07.png?v=1680189136"", ""//cdn.shopify.com/s/files/1/0627/9164/7477/products/glossier-lidstar-moon-carousel-08.png?v=1680189136"", ""//cdn.shopify.com/s/files/1/0627/9164/7477/files/glossier-lidstar-lily-01.png?v=1726759470"", ""//cdn.shopify.com/s/files/1/0627/9164/7477/products/glossier-lidstar-moon-carousel-09.png?v=1680189136"", ""//cdn.shopify.com/s/files/1/0627/9164/7477/products/glossier-lidstar-lily-carousel-02.png?v=1680189136"", ""//cdn.shopify.com/s/files/1/0627/9164/7477/products/glossier-lidstar-lily-carousel-03.png?v=1680189136"", ""//cdn.shopify.com/s/files/1/0627/9164/7477/products/glossier-lidstar-lily-carousel-04.png?v=1680189136"", ""//cdn.shopify.com/s/files/1/0627/9164/7477/files/glossier-lidstar-bun-01.png?v=1726759471"", ""//cdn.shopify.com/s/files/1/0627/9164/7477/products/glossier-lidstar-lily-carousel-06.png?v=1680189147"", ""//cdn.shopify.com/s/files/1/0627/9164/7477/products/glossier-lidstar-lily-carousel-07.png?v=1680189147"", ""//cdn.shopify.com/s/files/1/0627/9164/7477/products/glossier-lidstar-lily-carousel-08.png?v=1680189147"", ""//cdn.shopify.com/s/files/1/0627/9164/7477/products/glossier-lidstar-lily-carousel-09.png?v=1680189147"", ""//cdn.shopify.com/s/files/1/0627/9164/7477/products/glossier-lidstar-bun-carousel-02.png?v=1680189147"", ""//cdn.shopify.com/s/files/1/0627/9164/7477/files/glossier-lidstar-branch-01.png?v=1726759471"", ""//cdn.shopify.com/s/files/1/0627/9164/7477/products/glossier-lidstar-bun-carousel-03.png?v=1680189147"", ""//cdn.shopify.com/s/files/1/0627/9164/7477/products/glossier-lidstar-bun-carousel-04.png?v=1680189147"", ""//cdn.shopify.com/s/files/1/0627/9164/7477/products/glossier-lidstar-bun-carousel-06.png?v=1680189147"", ""//cdn.shopify.com/s/files/1/0627/9164/7477/products/glossier-lidstar-bun-carousel-07.png?v=1680189158"", ""//cdn.shopify.com/s/files/1/0627/9164/7477/products/glossier-lidstar-bun-carousel-08.png?v=1680189158"", ""//cdn.shopify.com/s/files/1/0627/9164/7477/products/glossier-lidstar-branch-carousel-02.png?v=1680189158"", ""//cdn.shopify.com/s/files/1/0627/9164/7477/products/glossier-lidstar-branch-carousel-03.png?v=1680189158"", ""//cdn.shopify.com/s/files/1/0627/9164/7477/products/glossier-lidstar-branch-carousel-04.png?v=1680189158"", ""//cdn.shopify.com/s/files/1/0627/9164/7477/products/glossier-lidstar-branch-carousel-06.png?v=1680189158"", ""//cdn.shopify.com/s/files/1/0627/9164/7477/products/glossier-lidstar-branch-carousel-07.png?v=1680189158"", ""//cdn.shopify.com/s/files/1/0627/9164/7477/products/glossier-lidstar-branch-carousel-08.png?v=1680189158""]",https://www.glossier.com/en-in/products/lidstar,230000,2026-10-02T12:27:48.726473+00:00,"Dreamy, shimmering eyeshadow. This soft, glistening eyeshadow creates a sheer, shimmering veil of color—locking onto lids and lasting all day without creasing. Ultrafine pigments float through a buttery base for a silky, blendable formula that swipes on seamlessly and maintains its pretty, glistening look long after it settles. Available in 8 shades with different pearls, flecks, and special effects for the lit-from-within, multi-dimensional glow of your dreams. Key ingredients: Softlock Technology locks pigment and pearls onto lids for up to 12 hours—without fading, smudging, or creasing (so there’s no need for primer!). Floating Multicolor Pearls : Ultrafine reflective pearls, in colorways custom-balanced for each shade. Film-Forming Polymers : Flexible polymers that use thermoplastic elastomers and silicone resins for substantivity. Angled Doe Foot Applicator : The long edge allows even distribution across the lid, with a precision tip for detailing. Product details: Easy Enhancing Longwearing Cruelty-free Dermatologist-tested, formulated without fragrance, ophthalmologist-tested, suitable for sensitive eyes and contact lens wearers"
Limited Edition Embroidered Cream Hoodie,8059543847157,"[""//cdn.shopify.com/s/files/1/0627/9164/7477/files/glossier-creamhoodie-carousel-01.png?v=1762200429"", ""//cdn.shopify.com/s/files/1/0627/9164/7477/files/glossier-creamhoodie-carousel-07.png?v=1687890875"", ""//cdn.shopify.com/s/files/1/0627/9164/7477/files/glossier-creamhoodie-carousel-03.png?v=1687890875"", ""//cdn.shopify.com/s/files/1/0627/9164/7477/files/glossier-creamhoodie-carousel-04.png?v=1687890875"", ""//cdn.shopify.com/s/files/1/0627/9164/7477/files/glossier-creamhoodie-05.png?v=1687890875"", ""//cdn.shopify.com/s/files/1/0627/9164/7477/files/glossier-creamhoodie-carousel-05.png?v=1687890875"", ""//cdn.shopify.com/s/files/1/0627/9164/7477/files/glossier-creamhoodie-carousel-06.png?v=1687890875"", ""//cdn.shopify.com/s/files/1/0627/9164/7477/files/glossier-creamhoodie-carousel-08.png?v=1687890875""]",https://www.glossier.com/en-in/products/limited-edition-embroidered-cream-hoodie,740000,2026-10-02T12:27:48.726473+00:00,Embroidered Cream Hoodie Glossier merch Summertime Glossiwear
Lip Glaze,9017577963765,"[""//cdn.shopify.com/s/files/1/0627/9164/7477/files/glossier-lipglaze-chilly-carousel-01.png?v=1762201837"", ""//cdn.shopify.com/s/files/1/0627/9164/7477/files/glossier-lipglaze-0426-chilly-carousel-02.png?v=1775241323"", ""//cdn.shopify.com/s/files/1/0627/9164/7477/files/glossier-lipglaze-chilly-carousel-03.png?v=1775082104"", ""//cdn.shopify.com/s/files/1/0627/9164/7477/files/glossier-lipglaze-chilly-carousel-09.png?v=1775082104"", ""//cdn.shopify.com/s/files/1/0627/9164/7477/files/glossier-lipglaze-chilly-carousel-05.png?v=1775082104"", ""//cdn.shopify.com/s/files/1/0627/9164/7477/files/glossier-lipglaze-chilly-carousel-12.png?v=1775082104"", ""//cdn.shopify.com/s/files/1/0627/9164/7477/files/glossier-lipglaze-chilly-carousel-10.png?v=1775082104"", ""//cdn.shopify.com/s/files/1/0627/9164/7477/files/glossier-lipglaze-chilly-carousel-11.png?v=1775082104"", ""//cdn.shopify.com/s/files/1/0627/9164/7477/files/glossier-lipglaze-chilly-carousel-08.png?v=1775082104"", ""//cdn.shopify.com/s/files/1/0627/9164/7477/files/glossier-lipglaze-chilly-carousel-07.png?v=1775082104"", ""//cdn.shopify.com/s/files/1/0627/9164/7477/files/glossier-lipglaze-creamy-carousel-01.png?v=1775082104"", ""//cdn.shopify.com/s/files/1/0627/9164/7477/files/glossier-lipglaze-0426-creamy-carousel-02.png?v=1775241401"", ""//cdn.shopify.com/s/files/1/0627/9164/7477/files/glossier-lipglaze-creamy-carousel-03.png?v=1775082104"", ""//cdn.shopify.com/s/files/1/0627/9164/7477/files/glossier-lipglaze-creamy-carousel-09.png?v=1775082104"", ""//cdn.shopify.com/s/files/1/0627/9164/7477/files/glossier-lipglaze-creamy-carousel-05.png?v=1775082104"", ""//cdn.shopify.com/s/files/1/0627/9164/7477/files/glossier-lipglaze-creamy-carousel-11.png?v=1775082104"", ""//cdn.shopify.com/s/files/1/0627/9164/7477/files/glossier-lipglaze-creamy-carousel-10.png?v=1775082104"", ""//cdn.shopify.com/s/files/1/0627/9164/7477/files/glossier-lipglaze-creamy-carousel-08.png?v=1775082104"", ""//cdn.shopify.com/s/files/1/0627/9164/7477/files/glossier-lipglaze-creamy-carousel-07.png?v=1775082104"", ""//cdn.shopify.com/s/files/1/0627/9164/7477/files/glossier-lipglaze-frosty-carousel-01.png?v=1775082104"", ""//cdn.shopify.com/s/files/1/0627/9164/7477/files/glossier-lipglaze-0426-frosty-carousel-02.png?v=1775241236"", ""//cdn.shopify.com/s/files/1/0627/9164/7477/files/glossier-lipglaze-frosty-carousel-03.png?v=1775082104"", ""//cdn.shopify.com/s/files/1/0627/9164/7477/files/glossier-lipglaze-frosty-carousel-09.png?v=1775082104"", ""//cdn.shopify.com/s/files/1/0627/9164/7477/files/glossier-lipglaze-frosty-carousel-05.png?v=1775082104"", ""//cdn.shopify.com/s/files/1/0627/9164/7477/files/glossier-lipglaze-frosty-carousel-12.png?v=1775082104"", ""//cdn.shopify.com/s/files/1/0627/9164/7477/files/glossier-lipglaze-frosty-carousel-10.png?v=1775082104"", ""//cdn.shopify.com/s/files/1/0627/9164/7477/files/glossier-lipglaze-frosty-carousel-11.png?v=1775082104"", ""//cdn.shopify.com/s/files/1/0627/9164/7477/files/glossier-lipglaze-frosty-carousel-08.png?v=1775082104"", ""//cdn.shopify.com/s/files/1/0627/9164/7477/files/glossier-lipglaze-frosty-carousel-07.png?v=1775082104"", ""//cdn.shopify.com/s/files/1/0627/9164/7477/files/glossier-lipglaze-icy-carousel-01.png?v=1775082104"", ""//cdn.shopify.com/s/files/1/0627/9164/7477/files/glossier-lipglaze-0426-icy-carousel-02.png?v=1775241159"", ""//cdn.shopify.com/s/files/1/0627/9164/7477/files/glossier-lipglaze-icy-carousel-03.png?v=1775082104"", ""//cdn.shopify.com/s/files/1/0627/9164/7477/files/glossier-lipglaze-icy-carousel-09.png?v=1775082104"", ""//cdn.shopify.com/s/files/1/0627/9164/7477/files/glossier-lipglaze-icy-carousel-05.png?v=1775082104"", ""//cdn.shopify.com/s/files/1/0627/9164/7477/files/glossier-lipglaze-icy-carousel-12.png?v=1775082104"", ""//cdn.shopify.com/s/files/1/0627/9164/7477/files/glossier-lipglaze-icy-carousel-10.png?v=1775082104"", ""//cdn.shopify.com/s/files/1/0627/9164/7477/files/glossier-lipglaze-icy-carousel-11.png?v=1775082104"", ""//cdn.shopify.com/s/files/1/0627/9164/7477/files/glossier-lipglaze-icy-carousel-08.png?v=1775082104"", ""//cdn.shopify.com/s/files/1/0627/9164/7477/files/glossier-lipglaze-icy-carousel-07.png?v=1775082104"", ""//cdn.shopify.com/s/files/1/0627/9164/7477/files/glossier-lipglaze-melty-carousel-01.png?v=1775082104"", ""//cdn.shopify.com/s/files/1/0627/9164/7477/files/glossier-lipglaze-0426-melty-carousel-02.png?v=1775241434"", ""//cdn.shopify.com/s/files/1/0627/9164/7477/files/glossier-lipglaze-melty-carousel-03.png?v=1775082104"", ""//cdn.shopify.com/s/files/1/0627/9164/7477/files/glossier-lipglaze-melty-carousel-09.png?v=1775082104"", ""//cdn.shopify.com/s/files/1/0627/9164/7477/files/glossier-lipglaze-melty-carousel-05.png?v=1775082104"", ""//cdn.shopify.com/s/files/1/0627/9164/7477/files/glossier-lipglaze-melty-carousel-11.png?v=1775082104"", ""//cdn.shopify.com/s/files/1/0627/9164/7477/files/glossier-lipglaze-melty-carousel-10.png?v=1775082104"", ""//cdn.shopify.com/s/files/1/0627/9164/7477/files/glossier-lipglaze-melty-carousel-08.png?v=1775082104"", ""//cdn.shopify.com/s/files/1/0627/9164/7477/files/glossier-lipglaze-melty-carousel-07.png?v=1775082104"", ""//cdn.shopify.com/s/files/1/0627/9164/7477/files/glossier-lipglaze-tangy-carousel-01.png?v=1775082104"", ""//cdn.shopify.com/s/files/1/0627/9164/7477/files/glossier-lipglaze-0426-tangy-carousel-02.png?v=1775241368"", ""//cdn.shopify.com/s/files/1/0627/9164/7477/files/glossier-lipglaze-tangy-carousel-03.png?v=1775082104"", ""//cdn.shopify.com/s/files/1/0627/9164/7477/files/glossier-lipglaze-tangy-carousel-09.png?v=1775082104"", ""//cdn.shopify.com/s/files/1/0627/9164/7477/files/glossier-lipglaze-tangy-carousel-05.png?v=1775082104"", ""//cdn.shopify.com/s/files/1/0627/9164/7477/files/glossier-lipglaze-tangy-carousel-11.png?v=1775082104"", ""//cdn.shopify.com/s/files/1/0627/9164/7477/files/glossier-lipglaze-tangy-carousel-10.png?v=1775082104"", ""//cdn.shopify.com/s/files/1/0627/9164/7477/files/glossier-lipglaze-tangy-carousel-08.png?v=1775082104"", ""//cdn.shopify.com/s/files/1/0627/9164/7477/files/glossier-lipglaze-tangy-carousel-07.png?v=1775082104""]",https://www.glossier.com/en-in/products/lip-glaze,250000,2026-10-02T12:27:48.726473+00:00,"The next-generation lip oil. A refreshing everyday essential for a sheer-glaze of color and lightweight, non-sticky shine. Its nourishing formula melts instantly on the lips, delivering long-lasting care and up to 12-hour hydration for smoother-looking lips. Wear it on its own or layered with your favorite lip products. Key ingredients : A refreshing scoop of gelato for your lips. Melting Oil Base : formulated with a rich blend of nine botanical oils, it delivers a deliciously smooth and soft texture. Apricot + Raspberry Seed Oils : a nourishing oil blend that leaves lips looking smooth and plump with hydration. Liquid Shea Butter : creates a smooth, lightweight-yet-highly-conditioning feel for softer and cared-for lips. Chilled Glaze : a menthol-derived cooling agent that leaves a comfortable, minty-fresh feel on lips. Clinical studies: An addictively refreshing glaze that leaves lips smooth and conditioned, and hydrates for up to 12 hours. In an independent study of 34 people: 100% agree lips look + feel smooth 100% agree lips look healthy 97% agree lips look + feel nourished 97% agree product feels refreshing on lips 94% agree lips look plump with moisture Product details: Nourishing Smoothing Cooling Hydrating Cruelty-free, vegan, dermatologist-tested, suitable for sensitive skin."
Lip Gloss,8781157761269,"[""//cdn.shopify.com/s/files/1/0627/9164/7477/files/glossier-lip-gloss-clear-01.png?v=1762201529"", ""//cdn.shopify.com/s/files/1/0627/9164/7477/products/glossier-lipgloss-clear-carousel-02.png?v=1680189072"", ""//cdn.shopify.com/s/files/1/0627/9164/7477/products/glossier-lipgloss-clear-carousel-03.png?v=1680189072"", ""//cdn.shopify.com/s/files/1/0627/9164/7477/products/glossier-lipgloss-clear-carousel-04.png?v=1680189072"", ""//cdn.shopify.com/s/files/1/0627/9164/7477/products/glossier-lipgloss-clear-carousel-05.png?v=1680189072"", ""//cdn.shopify.com/s/files/1/0627/9164/7477/products/glossier-lipgloss-clear-carousel-06.png?v=1680189072"", ""//cdn.shopify.com/s/files/1/0627/9164/7477/products/glossier-lipgloss-clear-carousel-08.png?v=1680189072"", ""//cdn.shopify.com/s/files/1/0627/9164/7477/files/glossier-lip-gloss-holographic-01.png?v=1726759763"", ""//cdn.shopify.com/s/files/1/0627/9164/7477/products/glossier-lipgloss-holographic-carousel-02.png?v=1680189072"", ""//cdn.shopify.com/s/files/1/0627/9164/7477/products/glossier-lipgloss-holographic-carousel-03.png?v=1680189083"", ""//cdn.shopify.com/s/files/1/0627/9164/7477/products/glossier-lipgloss-holographic-carousel-04.png?v=1680189083"", ""//cdn.shopify.com/s/files/1/0627/9164/7477/products/glossier-lipgloss-holographic-carousel-05.png?v=1680189083"", ""//cdn.shopify.com/s/files/1/0627/9164/7477/products/glossier-lipgloss-holographic-carousel-07.png?v=1680189083"", ""//cdn.shopify.com/s/files/1/0627/9164/7477/files/glossier-lip-gloss-red-01.png?v=1726759763"", ""//cdn.shopify.com/s/files/1/0627/9164/7477/products/glossier-lipgloss-red-carousel-02.png?v=1680189083"", ""//cdn.shopify.com/s/files/1/0627/9164/7477/products/glossier-lipgloss-red-carousel-03.png?v=1680189083"", ""//cdn.shopify.com/s/files/1/0627/9164/7477/products/glossier-lipgloss-red-carousel-05.png?v=1680189088"", ""//cdn.shopify.com/s/files/1/0627/9164/7477/products/glossier-lipgloss-red-carousel-07.png?v=1680189088"", ""//cdn.shopify.com/s/files/1/0627/9164/7477/products/glossier-lipgloss-red-carousel-08.png?v=1680189088"", ""//cdn.shopify.com/s/files/1/0627/9164/7477/files/glossier-lipgloss-pink-carousel-01.png?v=1725988435"", ""//cdn.shopify.com/s/files/1/0627/9164/7477/files/glossier-lipgloss-pink-carousel-02.png?v=1725988435"", ""//cdn.shopify.com/s/files/1/0627/9164/7477/files/glossier-lipgloss-pink-carousel-03.png?v=1725988435"", ""//cdn.shopify.com/s/files/1/0627/9164/7477/files/glossier-lipgloss-pink-carousel-04.png?v=1725988435"", ""//cdn.shopify.com/s/files/1/0627/9164/7477/files/glossier-lipgloss-pink-carousel-07.png?v=1725988435"", ""//cdn.shopify.com/s/files/1/0627/9164/7477/files/glossier-lipgloss-pink-08.png?v=1726494511"", ""//cdn.shopify.com/s/files/1/0627/9164/7477/files/glossier-lipgloss-brown-carousel-01.png?v=1725988668"", ""//cdn.shopify.com/s/files/1/0627/9164/7477/files/glossier-lipgloss-brown-carousel-02.png?v=1725988668"", ""//cdn.shopify.com/s/files/1/0627/9164/7477/files/glossier-lipgloss-brown-carousel-03.png?v=1725988668"", ""//cdn.shopify.com/s/files/1/0627/9164/7477/files/glossier-lipgloss-brown-carousel-05.png?v=1725988668"", ""//cdn.shopify.com/s/files/1/0627/9164/7477/files/glossier-lipgloss-brown-carousel-07.png?v=1725988668"", ""//cdn.shopify.com/s/files/1/0627/9164/7477/files/glossier-lipgloss-bronze-carousel-01.png?v=1725989038"", ""//cdn.shopify.com/s/files/1/0627/9164/7477/files/glossier-lipgloss-bronze-carousel-02.png?v=1725989038"", ""//cdn.shopify.com/s/files/1/0627/9164/7477/files/glossier-lipgloss-bronze-carousel-03.png?v=1725989038"", ""//cdn.shopify.com/s/files/1/0627/9164/7477/files/glossier-lipgloss-bronze-06.png?v=1726494717"", ""//cdn.shopify.com/s/files/1/0627/9164/7477/files/glossier-lipgloss-bronze-carousel-07.png?v=1725989038"", ""//cdn.shopify.com/s/files/1/0627/9164/7477/files/glossier-lipgloss-bronze-carousel-08.png?v=1725989038""]",https://www.glossier.com/en-in/products/lip-gloss,210000,2026-10-02T12:27:48.726473+00:00,"A vibrant, high-shine lip gloss. A comfortable lip gloss with a glassy finish and just the right amount of sticky. The applicator delivers instant shine with one swipe. Key ingredients : Vitamin E and Jojoba Oil work together to keep lips cushion-soft and moisturized. Conditioning Jojoba Oil : Helps the gloss smooth on and spread out evenly—no goopy feeling! Vitamin E Acetate : Leaves lips feeling moisturized and cushiony soft Product details : Dermatologist-tested, formulated without alcohol, and formulated without fragrance. Enhancing Cruelty-free Vegan"
Lip Line,8955889910005,"[""//cdn.shopify.com/s/files/1/0627/9164/7477/files/glossier-carousel-lipline-hold-01.png?v=1762201232"", ""//cdn.shopify.com/s/files/1/0627/9164/7477/files/glossier-carousel-lipline-hold-02.png?v=1720705711"", ""//cdn.shopify.com/s/files/1/0627/9164/7477/files/glossier-carousel-lipline-hold-03.png?v=1720705711"", ""//cdn.shopify.com/s/files/1/0627/9164/7477/files/glossier-carousel-lipline-hold-04.png?v=1720705711"", ""//cdn.shopify.com/s/files/1/0627/9164/7477/files/glossier-carousel-lipline-hold-05.png?v=1720705711"", ""//cdn.shopify.com/s/files/1/0627/9164/7477/files/glossier-carousel-lipline-hold-06.png?v=1720705711"", ""//cdn.shopify.com/s/files/1/0627/9164/7477/files/glossier-carousel-lipline-hold-07.png?v=1720705711"", ""//cdn.shopify.com/s/files/1/0627/9164/7477/files/glossier-carousel-lipline-hold-08.png?v=1720705711"", ""//cdn.shopify.com/s/files/1/0627/9164/7477/files/glossier-carousel-lipline-grip-01.png?v=1720705711"", ""//cdn.shopify.com/s/files/1/0627/9164/7477/files/glossier-carousel-lipline-grip-02.png?v=1720705711"", ""//cdn.shopify.com/s/files/1/0627/9164/7477/files/glossier-carousel-lipline-grip-03.png?v=1720705711"", ""//cdn.shopify.com/s/files/1/0627/9164/7477/files/glossier-carousel-lipline-grip-04.png?v=1720705711"", ""//cdn.shopify.com/s/files/1/0627/9164/7477/files/glossier-carousel-lipline-grip-05.png?v=1720705711"", ""//cdn.shopify.com/s/files/1/0627/9164/7477/files/glossier-carousel-lipline-grip-06.png?v=1720705711"", ""//cdn.shopify.com/s/files/1/0627/9164/7477/files/glossier-carousel-lipline-grip-07.png?v=1720705711"", ""//cdn.shopify.com/s/files/1/0627/9164/7477/files/glossier-carousel-lipline-grip-08.png?v=1720705711"", ""//cdn.shopify.com/s/files/1/0627/9164/7477/files/glossier-carousel-lipline-graze-01.png?v=1720705711"", ""//cdn.shopify.com/s/files/1/0627/9164/7477/files/glossier-carousel-lipline-graze-02.png?v=1720705711"", ""//cdn.shopify.com/s/files/1/0627/9164/7477/files/glossier-carousel-lipline-graze-03.png?v=1720705711"", ""//cdn.shopify.com/s/files/1/0627/9164/7477/files/glossier-carousel-lipline-graze-04.png?v=1720705711"", ""//cdn.shopify.com/s/files/1/0627/9164/7477/files/glossier-carousel-lipline-graze-05.png?v=1720705711"", ""//cdn.shopify.com/s/files/1/0627/9164/7477/files/glossier-carousel-lipline-graze-06.png?v=1720705711"", ""//cdn.shopify.com/s/files/1/0627/9164/7477/files/glossier-carousel-lipline-graze-07.png?v=1720705711"", ""//cdn.shopify.com/s/files/1/0627/9164/7477/files/glossier-carousel-lipline-graze-08.png?v=1720705711"", ""//cdn.shopify.com/s/files/1/0627/9164/7477/files/glossier-carousel-lipline-graze-09.png?v=1720705711"", ""//cdn.shopify.com/s/files/1/0627/9164/7477/files/glossier-carousel-lipline-graze-10.png?v=1720705711"", ""//cdn.shopify.com/s/files/1/0627/9164/7477/files/glossier-carousel-lipline-graze-11.png?v=1720705711"", ""//cdn.shopify.com/s/files/1/0627/9164/7477/files/glossier-carousel-lipline-buff-01.png?v=1720705711"", ""//cdn.shopify.com/s/files/1/0627/9164/7477/files/glossier-carousel-lipline-buff-02.png?v=1720705711"", ""//cdn.shopify.com/s/files/1/0627/9164/7477/files/glossier-carousel-lipline-buff-03.png?v=1720705711"", ""//cdn.shopify.com/s/files/1/0627/9164/7477/files/glossier-carousel-lipline-buff-04.png?v=1720705711"", ""//cdn.shopify.com/s/files/1/0627/9164/7477/files/glossier-carousel-lipline-buff-05.png?v=1720705711"", ""//cdn.shopify.com/s/files/1/0627/9164/7477/files/glossier-carousel-lipline-buff-06.png?v=1720705711"", ""//cdn.shopify.com/s/files/1/0627/9164/7477/files/glossier-carousel-lipline-buff-07.png?v=1720705711"", ""//cdn.shopify.com/s/files/1/0627/9164/7477/files/glossier-carousel-lipline-buff-08.png?v=1720705711"", ""//cdn.shopify.com/s/files/1/0627/9164/7477/files/glossier-carousel-lipline-bit-01.png?v=1720705711"", ""//cdn.shopify.com/s/files/1/0627/9164/7477/files/glossier-carousel-lipline-bit-02.png?v=1720705711"", ""//cdn.shopify.com/s/files/1/0627/9164/7477/files/glossier-carousel-lipline-bit-03.png?v=1720705711"", ""//cdn.shopify.com/s/files/1/0627/9164/7477/files/glossier-carousel-lipline-bit-04.png?v=1720705711"", ""//cdn.shopify.com/s/files/1/0627/9164/7477/files/glossier-carousel-lipline-bit-05.png?v=1720705711"", ""//cdn.shopify.com/s/files/1/0627/9164/7477/files/glossier-carousel-lipline-bit-06.png?v=1720705711"", ""//cdn.shopify.com/s/files/1/0627/9164/7477/files/glossier-carousel-lipline-bit-07.png?v=1720705711"", ""//cdn.shopify.com/s/files/1/0627/9164/7477/files/glossier-carousel-lipline-bit-08.png?v=1720705711"", ""//cdn.shopify.com/s/files/1/0627/9164/7477/files/glossier-carousel-lipline-bit-09.png?v=1720705711"", ""//cdn.shopify.com/s/files/1/0627/9164/7477/files/glossier-carousel-lipline-bit-10.png?v=1720705711"", ""//cdn.shopify.com/s/files/1/0627/9164/7477/files/glossier-carousel-lipline-bit-11.png?v=1720705711"", ""//cdn.shopify.com/s/files/1/0627/9164/7477/files/glossier-carousel-lipline-flush-01.png?v=1720705711"", ""//cdn.shopify.com/s/files/1/0627/9164/7477/files/glossier-carousel-lipline-flush-02.png?v=1720705711"", ""//cdn.shopify.com/s/files/1/0627/9164/7477/files/glossier-carousel-lipline-flush-03.png?v=1720705711"", ""//cdn.shopify.com/s/files/1/0627/9164/7477/files/glossier-carousel-lipline-flush-04.png?v=1720705711"", ""//cdn.shopify.com/s/files/1/0627/9164/7477/files/glossier-carousel-lipline-flush-05.png?v=1720705711"", ""//cdn.shopify.com/s/files/1/0627/9164/7477/files/glossier-carousel-lipline-flush-06.png?v=1720705711"", ""//cdn.shopify.com/s/files/1/0627/9164/7477/files/glossier-carousel-lipline-flush-07.png?v=1720705711"", ""//cdn.shopify.com/s/files/1/0627/9164/7477/files/glossier-carousel-lipline-flush-08.png?v=1720705711"", ""//cdn.shopify.com/s/files/1/0627/9164/7477/files/glossier-carousel-lipline-nip-01.png?v=1720705711"", ""//cdn.shopify.com/s/files/1/0627/9164/7477/files/glossier-carousel-lipline-nip-02.png?v=1720705711"", ""//cdn.shopify.com/s/files/1/0627/9164/7477/files/glossier-carousel-lipline-nip-03.png?v=1720705711"", ""//cdn.shopify.com/s/files/1/0627/9164/7477/files/glossier-carousel-lipline-nip-04.png?v=1720705711"", ""//cdn.shopify.com/s/files/1/0627/9164/7477/files/glossier-carousel-lipline-nip-05.png?v=1720705711"", ""//cdn.shopify.com/s/files/1/0627/9164/7477/files/glossier-carousel-lipline-nip-06.png?v=1720705711"", ""//cdn.shopify.com/s/files/1/0627/9164/7477/files/glossier-carousel-lipline-nip-07.png?v=1720705711"", ""//cdn.shopify.com/s/files/1/0627/9164/7477/files/glossier-carousel-lipline-nip-08.png?v=1720705711"", ""//cdn.shopify.com/s/files/1/0627/9164/7477/files/glossier-carousel-lipline-nip-09.png?v=1720705711"", ""//cdn.shopify.com/s/files/1/0627/9164/7477/files/glossier-carousel-lipline-nip-10.png?v=1720705711"", ""//cdn.shopify.com/s/files/1/0627/9164/7477/files/glossier-carousel-lipline-nip-11.png?v=1720705711"", ""//cdn.shopify.com/s/files/1/0627/9164/7477/files/glossier-carousel-lipline-bare-01.png?v=1720705711"", ""//cdn.shopify.com/s/files/1/0627/9164/7477/files/glossier-carousel-lipline-bare-02.png?v=1720705711"", ""//cdn.shopify.com/s/files/1/0627/9164/7477/files/glossier-carousel-lipline-bare-03.png?v=1720705711"", ""//cdn.shopify.com/s/files/1/0627/9164/7477/files/glossier-carousel-lipline-bare-04.png?v=1720705711"", ""//cdn.shopify.com/s/files/1/0627/9164/7477/files/glossier-carousel-lipline-bare-05.png?v=1720705711"", ""//cdn.shopify.com/s/files/1/0627/9164/7477/files/glossier-carousel-lipline-bare-06.png?v=1720705711"", ""//cdn.shopify.com/s/files/1/0627/9164/7477/files/glossier-carousel-lipline-bare-07.png?v=1720705711"", ""//cdn.shopify.com/s/files/1/0627/9164/7477/files/glossier-carousel-lipline-bare-08.png?v=1720705711"", ""//cdn.shopify.com/s/files/1/0627/9164/7477/files/glossier-carousel-lipline-bare-09.png?v=1720705711"", ""//cdn.shopify.com/s/files/1/0627/9164/7477/files/glossier-carousel-lipline-bare-10.png?v=1720705711"", ""//cdn.shopify.com/s/files/1/0627/9164/7477/files/glossier-carousel-lipline-bare-11.png?v=1720705711"", ""//cdn.shopify.com/s/files/1/0627/9164/7477/files/glossier-lipline-black-cherry-carousel-01.png?v=1734363525"", ""//cdn.shopify.com/s/files/1/0627/9164/7477/files/glossier-lipline-black-cherry-carousel-02.png?v=1734363525"", ""//cdn.shopify.com/s/files/1/0627/9164/7477/files/glossier-lipline-black-cherry-carousel-03.png?v=1734363525"", ""//cdn.shopify.com/s/files/1/0627/9164/7477/files/glossier-lipline-black-cherry-carousel-04.png?v=1734363525"", ""//cdn.shopify.com/s/files/1/0627/9164/7477/files/glossier-lipline-black-cherry-carousel-05.png?v=1734363525"", ""//cdn.shopify.com/s/files/1/0627/9164/7477/files/glossier-lipline-black-cherry-carousel-06.png?v=1734363525"", ""//cdn.shopify.com/s/files/1/0627/9164/7477/files/glossier-lipline-black-cherry-carousel-07.png?v=1734363525"", ""//cdn.shopify.com/s/files/1/0627/9164/7477/files/glossier-lipline-black-cherry-carousel-08.png?v=1734363525""]",https://www.glossier.com/en-in/products/lip-line,230000,2026-10-02T12:27:48.726473+00:00,"A true-to-lip pencil with creamy, lasting coverage. A creamy, medium-coverage lip pencil that enhances your natural shape and tone. Available in an array of true-to-lip, nipple-matched shades. Key ingredients : Water-resistant formula visibly enhances shape, tone and texture of lips while ensuring a luxuriously comfortable feel. Fractional Quartz : Ensures a luxurious and smooth application for a natural finish. Jojoba Oil : Helps keep lips soft, smooth, and moisturized. Lip Grip Complex : Helps keep the formula in place so sweat, smudges and life don’t get in the way. Product details: Dermatologist-Tested, suitable for sensitive skin Longwearing Smudge-Resistant Transfer-Resistant Water-Resistant"
Milky Jelly Cleanser,8255637979381,"[""//cdn.shopify.com/s/files/1/0627/9164/7477/files/glossier-skincare-mjc177ml-carousel-1.png?v=1770906323"", ""//cdn.shopify.com/s/files/1/0627/9164/7477/files/glossier-mjc-177-02.png?v=1770906323"", ""//cdn.shopify.com/s/files/1/0627/9164/7477/files/glossier-mjc-carousel-04_fb65ca2d-b3e4-4006-9323-cc0f90e75548.png?v=1770906323"", ""//cdn.shopify.com/s/files/1/0627/9164/7477/files/glossier-mjc-carousel-05_65e218da-92f8-4b23-bcc9-8c0e78f9583f.png?v=1770906323"", ""//cdn.shopify.com/s/files/1/0627/9164/7477/files/glossier-mjc-carousel-06_2f368e87-fc73-4714-bc65-635e0f8fa4fb.png?v=1770906323"", ""//cdn.shopify.com/s/files/1/0627/9164/7477/files/glossier-mjc-carousel-08_1362a25c-5283-4e48-bc2c-d1bb8187b621.png?v=1770906323"", ""//cdn.shopify.com/s/files/1/0627/9164/7477/files/glossier-mjc-60ml-01.png?v=1770906323"", ""//cdn.shopify.com/s/files/1/0627/9164/7477/files/glossier-mjc-60ml-02.png?v=1770906323"", ""//cdn.shopify.com/s/files/1/0627/9164/7477/files/glossier-mjc-60ml-03.png?v=1770906323"", ""//cdn.shopify.com/s/files/1/0627/9164/7477/files/glossier-mjc-60ml-04.png?v=1770906323"", ""//cdn.shopify.com/s/files/1/0627/9164/7477/files/glossier-mjc-60ml-05.png?v=1770906323"", ""//cdn.shopify.com/s/files/1/0627/9164/7477/files/glossier-mjc-60ml-06.png?v=1770906323"", ""//cdn.shopify.com/s/files/1/0627/9164/7477/files/glossier-mjc-60ml-07.png?v=1770906323"", ""//cdn.shopify.com/s/files/1/0627/9164/7477/files/glossier-skincare-mjc-300ml-carousel-1.png?v=1770906323"", ""//cdn.shopify.com/s/files/1/0627/9164/7477/files/glossier-mjc-300ml-02.png?v=1770906323"", ""//cdn.shopify.com/s/files/1/0627/9164/7477/files/glossier-mjc-300ml-03.png?v=1770906323"", ""//cdn.shopify.com/s/files/1/0627/9164/7477/files/glossier-mjc-300ml-carousel-04.png?v=1770906323"", ""//cdn.shopify.com/s/files/1/0627/9164/7477/files/glossier-mjc-300ml-carousel-05.png?v=1770906323"", ""//cdn.shopify.com/s/files/1/0627/9164/7477/files/glossier-mjc-300ml-carousel-06.png?v=1770906323"", ""//cdn.shopify.com/s/files/1/0627/9164/7477/files/glossier-mjc-300ml-carousel-07.png?v=1770906323"", ""//cdn.shopify.com/s/files/1/0627/9164/7477/files/glossier-mjc-300ml-carousel-10.png?v=1770906323"", ""//cdn.shopify.com/s/files/1/0627/9164/7477/files/glossier-mjc-300ml-carousel-11.png?v=1770906323"", ""//cdn.shopify.com/s/files/1/0627/9164/7477/files/glossier-skincare-mjc-15ml-carousel-01_890c542e-8d87-4ef8-bcd4-647d031456ad.png?v=1770906323"", ""//cdn.shopify.com/s/files/1/0627/9164/7477/files/glossier-holiday-minimjc-carousel-blush-02.png?v=1770906323"", ""//cdn.shopify.com/s/files/1/0627/9164/7477/files/glossier-holiday-minimjc-carousel-blush-03.png?v=1770906323"", ""//cdn.shopify.com/s/files/1/0627/9164/7477/files/glossier-holiday-minimjc-carousel-blush-04.png?v=1770906323"", ""//cdn.shopify.com/s/files/1/0627/9164/7477/files/glossier-holiday-minimjc-carousel-blush-05.png?v=1770906323""]",https://www.glossier.com/en-in/products/milky-jelly-cleanser,280000,2026-10-02T12:27:48.726473+00:00,"A super gentle cleansing experience . A pH-balanced gel-cream cleanser that’s suitable for all skin types. Formulated with gentle, conditioning ingredients, this cleanser dissolves dirt, oil and makeup while leaving skin soft and nourished–never stripped. Key ingredients: Formulated with 5 deep conditioning ingredients—including Pro-Vitamin B5 and Allantoin—for smooth, baby-soft skin. Rose Water : We replaced 1/4 of the H2O content with soothing rose water (bonus: smells great!). Comfrey Root Extract : Contains allantoin, which is like dry skin’s comforting best friend. Xylitol : Humectant that helps boost skin’s water reserves and reinforce its moisture barrier. Pro-Vitamin B5 : Like the nutrient found in mushrooms, avocados, and lentils, it’s a powerful natural and nourishing moisturizer. Product details : Dermatologist-tested, vegan, non-comedogenic, formulated without fragrance, ophthalmologist tested, suitable for sensitive eyes and contacts lens wearers. Nourishing Soothing"
Milky Jelly Cleansing Balm,9002627596533,"[""//cdn.shopify.com/s/files/1/0627/9164/7477/files/glossier-mjc-balm-carousel-01.png?v=1762201805"", ""//cdn.shopify.com/s/files/1/0627/9164/7477/files/glossier-mjc-balm-carousel-02.png?v=1740764297"", ""//cdn.shopify.com/s/files/1/0627/9164/7477/files/glossier-MJC-update-carousel-03.png?v=1773353084"", ""//cdn.shopify.com/s/files/1/0627/9164/7477/files/glossier-mjc-balm-carousel-04.png?v=1773353084"", ""//cdn.shopify.com/s/files/1/0627/9164/7477/files/glossier-mjc-balm-carousel-05.png?v=1773353084"", ""//cdn.shopify.com/s/files/1/0627/9164/7477/files/glossier-mjc-balm-carousel-06.png?v=1773353084"", ""//cdn.shopify.com/s/files/1/0627/9164/7477/files/glossier-mjc-balm-carousel-07.png?v=1773353084"", ""//cdn.shopify.com/s/files/1/0627/9164/7477/files/glossier-MJC-update-carousel-08.png?v=1773353084"", ""//cdn.shopify.com/s/files/1/0627/9164/7477/files/glossier-mjc-balm-carousel-09.png?v=1773353084"", ""//cdn.shopify.com/s/files/1/0627/9164/7477/files/glossier-mjc-balm-carousel-11.png?v=1773353084""]",https://www.glossier.com/en-in/products/milky-jelly-cleansing-balm,280000,2026-10-02T12:27:48.726473+00:00,"Transform your cleansing routine. A nourishing and transformative gel‑balm cleanser that gently dissolves makeup, SPF and impurities. Massage onto dry skin, add water to emulsify and rinse or gently wipe away with a clean, damp cloth for a soft and hydrated canvas. Key Ingredients : Botanical Oil Blend Glycerin Sugar‑based Surfactants"
Milky Oil,8035305357557,"[""//cdn.shopify.com/s/files/1/0627/9164/7477/files/glossier-skincare-milky-oil-carousel-01.png?v=1762200227"", ""//cdn.shopify.com/s/files/1/0627/9164/7477/products/glossier-milkyoil-carousel-02.png?v=1718026254"", ""//cdn.shopify.com/s/files/1/0627/9164/7477/products/glossier-milkyoil-carousel-05.png?v=1718026254"", ""//cdn.shopify.com/s/files/1/0627/9164/7477/products/glossier-milkyoil-carousel-07.png?v=1718026254""]",https://www.glossier.com/en-in/products/milky-oil,210000,2026-10-02T12:27:48.726473+00:00,"Tough on makeup, nice on skin. A gentle makeup remover that melts away long-wearing and waterproof formulas—without needing to rub or tug the skin. The perfectly-proportioned blend of micellar water and weightless oil create a dual-phase formula that easily dissolves makeup, while Pro-Vitamin B5 conditions so your skin feels soft and fresh after use. Product Description: Conditioning Gentle Cruelty free Vegan Key Ingredients: Micellar Water Pro-Vitamin B5 Comfrey Root Extract"
Mini Beauty Bag,8280100143349,"[""//cdn.shopify.com/s/files/1/0627/9164/7477/files/glossier-pink-beautybag-carousel-01.png?v=1762201008"", ""//cdn.shopify.com/s/files/1/0627/9164/7477/files/glossier-pink-beautybag-carousel-02.png?v=1707495617"", ""//cdn.shopify.com/s/files/1/0627/9164/7477/files/glossier-red-beautybag-carousel-01.png?v=1707495623"", ""//cdn.shopify.com/s/files/1/0627/9164/7477/files/glossier-red-beautybag-carousel-2.png?v=1709143362""]",https://www.glossier.com/en-in/products/mini-beauty-bag,400000,2026-10-02T12:27:48.726473+00:00,"A classic, made mini. Small but mighty, this beloved bag keeps all your can’t-leave-home-without-them essentials within reach. With one main compartment and a zipper closure, the Mini Beauty Bag allows you to experience the convenience of our classic Beauty Bag wherever you may go. Now in two fun colors—iconic red and soft pink. Product details : 6.75"" Across, 4.5"" Tall, 2"" Depth & Gusset Exterior: Cotton Interior: Polyester"
No. 1 Pencil,8955900821749,"[""//cdn.shopify.com/s/files/1/0627/9164/7477/files/glossier-no1-pencil-rococo-01.png?v=1762200270"", ""//cdn.shopify.com/s/files/1/0627/9164/7477/products/glossier-pencil-rococo-carousel-02.png?v=1680189090"", ""//cdn.shopify.com/s/files/1/0627/9164/7477/products/glossier-pencil-rococo-carousel-03.png?v=1680189090"", ""//cdn.shopify.com/s/files/1/0627/9164/7477/products/glossier-pencil-rococo-carousel-04.png?v=1680189091"", ""//cdn.shopify.com/s/files/1/0627/9164/7477/products/glossier-pencil-rococo-carousel-05.png?v=1680189091"", ""//cdn.shopify.com/s/files/1/0627/9164/7477/products/glossier-pencil-rococo-carousel-06.png?v=1680189091"", ""//cdn.shopify.com/s/files/1/0627/9164/7477/products/glossier-pencil-rococo-carousel-07.png?v=1680189091"", ""//cdn.shopify.com/s/files/1/0627/9164/7477/products/glossier-pencil-rococo-carousel-08.png?v=1680189091"", ""//cdn.shopify.com/s/files/1/0627/9164/7477/products/glossier-pencil-rococo-carousel-09.png?v=1680189091"", ""//cdn.shopify.com/s/files/1/0627/9164/7477/files/glossier-no1-pencil-ochre-01.png?v=1726765433"", ""//cdn.shopify.com/s/files/1/0627/9164/7477/products/glossier-pencil-ochre-carousel-02.png?v=1680189101"", ""//cdn.shopify.com/s/files/1/0627/9164/7477/products/glossier-pencil-ochre-carousel-03.png?v=1680189101"", ""//cdn.shopify.com/s/files/1/0627/9164/7477/products/glossier-pencil-ochre-carousel-04.png?v=1680189101"", ""//cdn.shopify.com/s/files/1/0627/9164/7477/products/glossier-pencil-ochre-carousel-05.png?v=1680189101"", ""//cdn.shopify.com/s/files/1/0627/9164/7477/products/glossier-pencil-ochre-carousel-06.png?v=1680189101"", ""//cdn.shopify.com/s/files/1/0627/9164/7477/products/glossier-pencil-ochre-carousel-07.png?v=1680189101"", ""//cdn.shopify.com/s/files/1/0627/9164/7477/products/glossier-pencil-ochre-carousel-08.png?v=1680189101"", ""//cdn.shopify.com/s/files/1/0627/9164/7477/files/glossier-no1-pencil-kiln-01.png?v=1726765433"", ""//cdn.shopify.com/s/files/1/0627/9164/7477/products/glossier-pencil-ochre-carousel-09.png?v=1680189101"", ""//cdn.shopify.com/s/files/1/0627/9164/7477/products/glossier-pencil-kiln-carousel-02.png?v=1680189101"", ""//cdn.shopify.com/s/files/1/0627/9164/7477/products/glossier-pencil-kiln-carousel-03.png?v=1680189112"", ""//cdn.shopify.com/s/files/1/0627/9164/7477/products/glossier-pencil-kiln-carousel-04.png?v=1680189112"", ""//cdn.shopify.com/s/files/1/0627/9164/7477/products/glossier-pencil-kiln-carousel-05.png?v=1680189112"", ""//cdn.shopify.com/s/files/1/0627/9164/7477/products/glossier-pencil-kiln-carousel-06.png?v=1680189112"", ""//cdn.shopify.com/s/files/1/0627/9164/7477/products/glossier-pencil-kiln-carousel-07.png?v=1680189112"", ""//cdn.shopify.com/s/files/1/0627/9164/7477/files/glossier-no1-pencil-frame-01.png?v=1726765433"", ""//cdn.shopify.com/s/files/1/0627/9164/7477/products/glossier-pencil-kiln-carousel-08.png?v=1680189112"", ""//cdn.shopify.com/s/files/1/0627/9164/7477/products/glossier-pencil-kiln-carousel-09.png?v=1680189112"", ""//cdn.shopify.com/s/files/1/0627/9164/7477/products/glossier-pencil-frame-carousel-02.png?v=1680189112"", ""//cdn.shopify.com/s/files/1/0627/9164/7477/products/glossier-pencil-frame-carousel-03.png?v=1680189112"", ""//cdn.shopify.com/s/files/1/0627/9164/7477/products/glossier-pencil-frame-carousel-04.png?v=1680189123"", ""//cdn.shopify.com/s/files/1/0627/9164/7477/products/glossier-pencil-frame-carousel-05.png?v=1680189123"", ""//cdn.shopify.com/s/files/1/0627/9164/7477/products/glossier-pencil-frame-carousel-06.png?v=1680189123"", ""//cdn.shopify.com/s/files/1/0627/9164/7477/files/glossier-no1-pencil-ink-01.png?v=1726765433"", ""//cdn.shopify.com/s/files/1/0627/9164/7477/products/glossier-pencil-frame-carousel-07.png?v=1680189123"", ""//cdn.shopify.com/s/files/1/0627/9164/7477/products/glossier-pencil-frame-carousel-08.png?v=1680189123"", ""//cdn.shopify.com/s/files/1/0627/9164/7477/products/glossier-pencil-frame-carousel-09.png?v=1680189123"", ""//cdn.shopify.com/s/files/1/0627/9164/7477/products/glossier-pencil-ink-carousel-02.png?v=1680189123"", ""//cdn.shopify.com/s/files/1/0627/9164/7477/products/glossier-pencil-ink-carousel-03.png?v=1680189123"", ""//cdn.shopify.com/s/files/1/0627/9164/7477/products/glossier-pencil-ink-carousel-04.png?v=1680189123"", ""//cdn.shopify.com/s/files/1/0627/9164/7477/products/glossier-pencil-ink-carousel-05.png?v=1680189134"", ""//cdn.shopify.com/s/files/1/0627/9164/7477/files/glossier-no1-pencil-muse-01.png?v=1726765433"", ""//cdn.shopify.com/s/files/1/0627/9164/7477/products/glossier-pencil-ink-carousel-06.png?v=1703169973"", ""//cdn.shopify.com/s/files/1/0627/9164/7477/products/glossier-pencil-ink-carousel-07.png?v=1703169973"", ""//cdn.shopify.com/s/files/1/0627/9164/7477/products/glossier-pencil-ink-carousel-08.png?v=1703169973"", ""//cdn.shopify.com/s/files/1/0627/9164/7477/products/glossier-pencil-ink-carousel-09.png?v=1703169973"", ""//cdn.shopify.com/s/files/1/0627/9164/7477/products/glossier-pencil-muse-carousel-02.png?v=1703169973"", ""//cdn.shopify.com/s/files/1/0627/9164/7477/products/glossier-pencil-muse-carousel-03.png?v=1703169973"", ""//cdn.shopify.com/s/files/1/0627/9164/7477/products/glossier-pencil-muse-carousel-04.png?v=1703169973"", ""//cdn.shopify.com/s/files/1/0627/9164/7477/files/glossier-no1-pencil-lapis-01.png?v=1726765433"", ""//cdn.shopify.com/s/files/1/0627/9164/7477/products/glossier-pencil-muse-carousel-05.png?v=1703169973"", ""//cdn.shopify.com/s/files/1/0627/9164/7477/products/glossier-pencil-muse-carousel-06.png?v=1703169973"", ""//cdn.shopify.com/s/files/1/0627/9164/7477/products/glossier-pencil-muse-carousel-07.png?v=1703169973"", ""//cdn.shopify.com/s/files/1/0627/9164/7477/products/glossier-pencil-muse-carousel-08.png?v=1703169973"", ""//cdn.shopify.com/s/files/1/0627/9164/7477/products/glossier-pencil-muse-carousel-09.png?v=1703169973"", ""//cdn.shopify.com/s/files/1/0627/9164/7477/products/glossier-pencil-lapis-carousel-02.png?v=1703169973"", ""//cdn.shopify.com/s/files/1/0627/9164/7477/products/glossier-pencil-lapis-carousel-03.png?v=1703169973"", ""//cdn.shopify.com/s/files/1/0627/9164/7477/files/glossier-no1-pencil-patina-01.png?v=1726765433"", ""//cdn.shopify.com/s/files/1/0627/9164/7477/products/glossier-pencil-lapis-carousel-04.png?v=1703169973"", ""//cdn.shopify.com/s/files/1/0627/9164/7477/products/glossier-pencil-lapis-carousel-05.png?v=1703169973"", ""//cdn.shopify.com/s/files/1/0627/9164/7477/products/glossier-pencil-lapis-carousel-06.png?v=1703169973"", ""//cdn.shopify.com/s/files/1/0627/9164/7477/products/glossier-pencil-lapis-carousel-07.png?v=1703169973"", ""//cdn.shopify.com/s/files/1/0627/9164/7477/products/glossier-pencil-lapis-carousel-08.png?v=1703169973"", ""//cdn.shopify.com/s/files/1/0627/9164/7477/products/glossier-pencil-lapis-carousel-09.png?v=1703169973"", ""//cdn.shopify.com/s/files/1/0627/9164/7477/products/glossier-pencil-patina-carousel-02.png?v=1703169973"", ""//cdn.shopify.com/s/files/1/0627/9164/7477/files/glossier-no1-pencil-fresco-01.png?v=1726765433"", ""//cdn.shopify.com/s/files/1/0627/9164/7477/products/glossier-pencil-patina-carousel-03.png?v=1703169973"", ""//cdn.shopify.com/s/files/1/0627/9164/7477/products/glossier-pencil-patina-carousel-04.png?v=1703169973"", ""//cdn.shopify.com/s/files/1/0627/9164/7477/products/glossier-pencil-patina-carousel-05.png?v=1703169973"", ""//cdn.shopify.com/s/files/1/0627/9164/7477/products/glossier-pencil-patina-carousel-06.png?v=1703169973"", ""//cdn.shopify.com/s/files/1/0627/9164/7477/products/glossier-pencil-patina-carousel-07.png?v=1703169973"", ""//cdn.shopify.com/s/files/1/0627/9164/7477/products/glossier-pencil-patina-carousel-08.png?v=1703169973"", ""//cdn.shopify.com/s/files/1/0627/9164/7477/products/glossier-pencil-patina-carousel-09.png?v=1703169973"", ""//cdn.shopify.com/s/files/1/0627/9164/7477/files/glossier-no1-pencil-canvas-01.png?v=1726765433"", ""//cdn.shopify.com/s/files/1/0627/9164/7477/products/glossier-pencil-fresco-carousel-02.png?v=1703169973"", ""//cdn.shopify.com/s/files/1/0627/9164/7477/products/glossier-pencil-fresco-carousel-03.png?v=1703169973"", ""//cdn.shopify.com/s/files/1/0627/9164/7477/products/glossier-pencil-fresco-carousel-04.png?v=1703169973"", ""//cdn.shopify.com/s/files/1/0627/9164/7477/products/glossier-pencil-fresco-carousel-05.png?v=1703169973"", ""//cdn.shopify.com/s/files/1/0627/9164/7477/products/glossier-pencil-fresco-carousel-06.png?v=1703169973"", ""//cdn.shopify.com/s/files/1/0627/9164/7477/products/glossier-pencil-fresco-carousel-07.png?v=1703169973"", ""//cdn.shopify.com/s/files/1/0627/9164/7477/products/glossier-pencil-fresco-carousel-08.png?v=1703169973"", ""//cdn.shopify.com/s/files/1/0627/9164/7477/products/glossier-pencil-canvas-carousel-02.png?v=1703169973"", ""//cdn.shopify.com/s/files/1/0627/9164/7477/products/glossier-pencil-canvas-carousel-03.png?v=1703169973"", ""//cdn.shopify.com/s/files/1/0627/9164/7477/products/glossier-pencil-canvas-carousel-04.png?v=1703169973"", ""//cdn.shopify.com/s/files/1/0627/9164/7477/products/glossier-pencil-canvas-carousel-05.png?v=1703169973"", ""//cdn.shopify.com/s/files/1/0627/9164/7477/products/glossier-pencil-canvas-carousel-06.png?v=1703169973"", ""//cdn.shopify.com/s/files/1/0627/9164/7477/products/glossier-pencil-canvas-carousel-07.png?v=1703169973"", ""//cdn.shopify.com/s/files/1/0627/9164/7477/products/glossier-pencil-canvas-carousel-08.png?v=1703169973"", ""//cdn.shopify.com/s/files/1/0627/9164/7477/products/glossier-pencil-canvas-carousel-09.png?v=1703169973"", ""//cdn.shopify.com/s/files/1/0627/9164/7477/files/glossier-no1-pencil-black-cherry-carousel-02.png?v=1734364485"", ""//cdn.shopify.com/s/files/1/0627/9164/7477/files/glossier-no1-pencil-black-cherry-carousel-03.png?v=1734364485"", ""//cdn.shopify.com/s/files/1/0627/9164/7477/files/glossier-no1-pencil-black-cherry-carousel-04.png?v=1734364486"", ""//cdn.shopify.com/s/files/1/0627/9164/7477/files/glossier-no1-pencil-black-cherry-carousel-05.png?v=1734364485"", ""//cdn.shopify.com/s/files/1/0627/9164/7477/files/glossier-no1-pencil-black-cherry-carousel-06.png?v=1734364485"", ""//cdn.shopify.com/s/files/1/0627/9164/7477/files/glossier-no1-pencil-black-cherry-carousel-07.png?v=1734364485"", ""//cdn.shopify.com/s/files/1/0627/9164/7477/files/glossier-no1-pencil-black-cherry-carousel-08.png?v=1734364485""]",https://www.glossier.com/en-in/products/no-1-pencil,230000,2026-10-02T12:27:48.726473+00:00,"Color outside the lines. A creamy, long-wearing eyeliner pencil that glides on smoothly with rich, buildable, blendable color, supplying endless options for creative expression. Go bold or get subtle with demi-matte, dense pigments for crisp, true color that won’t rub, tug or transfer. This soft (but never too soft!) formula goes on in seconds and easily creates a sharp, defined line, with just enough dry-down time to b lend it out for a diffused, smokey look—if that’s what you’re after. Inspired by the archives of art history, and calling for your own creativity, No. 1 Pencil’s 10 shades include a mix of bold and classic colors. Once the formula sets, it’s water-resistant, transfer-resistant and lasts up to 12 hours — so you can spend more time doing you, and less time doing touch ups. Key ingredients : Water and transfer-resistant (once set), No. 1 pencil is formulated to last up to 12 hours without touch-ups. Product details: Buildable Longwearing Cruelty free Vegan Dermatologist-tested, ophthalmologist-tested, water-resistant, suitable for contact lens wearers, suitable to wear on the water line, suitable for sensitive eyes"
Perfecting Skin Tint,8035307880693,"[""//cdn.shopify.com/s/files/1/0627/9164/7477/files/glossier-makeup-pst-g1-carousel-01.png?v=1762200276"", ""//cdn.shopify.com/s/files/1/0627/9164/7477/products/glossier-skintint-g1-carousel-02.png?v=1681754882"", ""//cdn.shopify.com/s/files/1/0627/9164/7477/products/glossier-skintint-g1-carousel-03.png?v=1681754882"", ""//cdn.shopify.com/s/files/1/0627/9164/7477/products/glossier-skintint-g1-carousel-04.png?v=1681754882"", ""//cdn.shopify.com/s/files/1/0627/9164/7477/products/glossier-skintint-g1-carousel-05.png?v=1681754882"", ""//cdn.shopify.com/s/files/1/0627/9164/7477/products/glossier-skintint-g1-carousel-07.png?v=1681754882"", ""//cdn.shopify.com/s/files/1/0627/9164/7477/products/glossier-skintint-g1-carousel-08.png?v=1681754882"", ""//cdn.shopify.com/s/files/1/0627/9164/7477/files/glossier-makeup-pst-g2-carousel-01.png?v=1729876147"", ""//cdn.shopify.com/s/files/1/0627/9164/7477/products/glossier-skintint-g2-carousel-02.png?v=1681755851"", ""//cdn.shopify.com/s/files/1/0627/9164/7477/products/glossier-skintint-g2-carousel-03.png?v=1681755851"", ""//cdn.shopify.com/s/files/1/0627/9164/7477/products/glossier-skintint-g2-carousel-04.png?v=1681755851"", ""//cdn.shopify.com/s/files/1/0627/9164/7477/products/glossier-skintint-g2-carousel-05.png?v=1681755851"", ""//cdn.shopify.com/s/files/1/0627/9164/7477/products/glossier-skintint-g2-carousel-07.png?v=1681755851"", ""//cdn.shopify.com/s/files/1/0627/9164/7477/products/glossier-skintint-g2-carousel-08.png?v=1681755851"", ""//cdn.shopify.com/s/files/1/0627/9164/7477/files/glossier-makeup-pst-g3-carousel-01.png?v=1729876148"", ""//cdn.shopify.com/s/files/1/0627/9164/7477/products/glossier-skintint-g3-carousel-02.png?v=1681755954"", ""//cdn.shopify.com/s/files/1/0627/9164/7477/products/glossier-skintint-g3-carousel-03.png?v=1681755954"", ""//cdn.shopify.com/s/files/1/0627/9164/7477/products/glossier-skintint-g3-carousel-04.png?v=1681755954"", ""//cdn.shopify.com/s/files/1/0627/9164/7477/products/glossier-skintint-g3-carousel-05.png?v=1681755954"", ""//cdn.shopify.com/s/files/1/0627/9164/7477/products/glossier-skintint-g3-carousel-07.png?v=1681755954"", ""//cdn.shopify.com/s/files/1/0627/9164/7477/products/glossier-skintint-g3-carousel-08.png?v=1681755954"", ""//cdn.shopify.com/s/files/1/0627/9164/7477/files/glossier-makeup-pst-g4-carousel-01.png?v=1729876147"", ""//cdn.shopify.com/s/files/1/0627/9164/7477/products/glossier-skintint-g4-carousel-02.png?v=1681755954"", ""//cdn.shopify.com/s/files/1/0627/9164/7477/products/glossier-skintint-g4-carousel-03.png?v=1681755954"", ""//cdn.shopify.com/s/files/1/0627/9164/7477/products/glossier-skintint-g4-carousel-04.png?v=1681755954"", ""//cdn.shopify.com/s/files/1/0627/9164/7477/products/glossier-skintint-g4-carousel-05.png?v=1681755954"", ""//cdn.shopify.com/s/files/1/0627/9164/7477/products/glossier-skintint-g4-carousel-07.png?v=1681755954"", ""//cdn.shopify.com/s/files/1/0627/9164/7477/products/glossier-skintint-g4-carousel-08.png?v=1681755954"", ""//cdn.shopify.com/s/files/1/0627/9164/7477/files/glossier-makeup-pst-g5-carousel-01.png?v=1729876148"", ""//cdn.shopify.com/s/files/1/0627/9164/7477/products/glossier-skintint-g5-carousel-02.png?v=1681756337"", ""//cdn.shopify.com/s/files/1/0627/9164/7477/products/glossier-skintint-g5-carousel-03.png?v=1681756337"", ""//cdn.shopify.com/s/files/1/0627/9164/7477/products/glossier-skintint-g5-carousel-04.png?v=1681756337"", ""//cdn.shopify.com/s/files/1/0627/9164/7477/products/glossier-skintint-g5-carousel-05.png?v=1681756337"", ""//cdn.shopify.com/s/files/1/0627/9164/7477/products/glossier-skintint-g5-carousel-07.png?v=1681756337"", ""//cdn.shopify.com/s/files/1/0627/9164/7477/products/glossier-skintint-g5-carousel-08.png?v=1681756337"", ""//cdn.shopify.com/s/files/1/0627/9164/7477/files/glossier-makeup-pst-g6-carousel-01.png?v=1729876148"", ""//cdn.shopify.com/s/files/1/0627/9164/7477/products/glossier-skintint-g6-carousel-02.png?v=1681756337"", ""//cdn.shopify.com/s/files/1/0627/9164/7477/products/glossier-skintint-g6-carousel-03.png?v=1681756337"", ""//cdn.shopify.com/s/files/1/0627/9164/7477/products/glossier-skintint-g6-carousel-04.png?v=1681756337"", ""//cdn.shopify.com/s/files/1/0627/9164/7477/products/glossier-skintint-g6-carousel-05.png?v=1681756337"", ""//cdn.shopify.com/s/files/1/0627/9164/7477/products/glossier-skintint-g6-carousel-07.png?v=1681756337"", ""//cdn.shopify.com/s/files/1/0627/9164/7477/products/glossier-skintint-g6-carousel-08.png?v=1681756337"", ""//cdn.shopify.com/s/files/1/0627/9164/7477/files/glossier-makeup-pst-g7-carousel-01.png?v=1729876148"", ""//cdn.shopify.com/s/files/1/0627/9164/7477/products/glossier-skintint-g7-carousel-02.png?v=1681756337"", ""//cdn.shopify.com/s/files/1/0627/9164/7477/products/glossier-skintint-g7-carousel-03.png?v=1681756337"", ""//cdn.shopify.com/s/files/1/0627/9164/7477/products/glossier-skintint-g7-carousel-04.png?v=1681756548"", ""//cdn.shopify.com/s/files/1/0627/9164/7477/products/glossier-skintint-g7-carousel-05.png?v=1681756548"", ""//cdn.shopify.com/s/files/1/0627/9164/7477/products/glossier-skintint-g7-carousel-07.png?v=1681756548"", ""//cdn.shopify.com/s/files/1/0627/9164/7477/products/glossier-skintint-g7-carousel-08.png?v=1681756615"", ""//cdn.shopify.com/s/files/1/0627/9164/7477/files/glossier-makeup-pst-g8-carousel-01.png?v=1729876147"", ""//cdn.shopify.com/s/files/1/0627/9164/7477/products/glossier-skintint-g8-carousel-02.png?v=1681756615"", ""//cdn.shopify.com/s/files/1/0627/9164/7477/products/glossier-skintint-g8-carousel-03.png?v=1681756615"", ""//cdn.shopify.com/s/files/1/0627/9164/7477/products/glossier-skintint-g8-carousel-04.png?v=1681756615"", ""//cdn.shopify.com/s/files/1/0627/9164/7477/products/glossier-skintint-g8-carousel-05.png?v=1681756615"", ""//cdn.shopify.com/s/files/1/0627/9164/7477/products/glossier-skintint-g8-carousel-07.png?v=1681756615"", ""//cdn.shopify.com/s/files/1/0627/9164/7477/products/glossier-skintint-g8-carousel-08.png?v=1681756615"", ""//cdn.shopify.com/s/files/1/0627/9164/7477/files/glossier-makeup-pst-g9-carousel-01.png?v=1729876148"", ""//cdn.shopify.com/s/files/1/0627/9164/7477/products/glossier-skintint-g9-carousel-02.png?v=1681756615"", ""//cdn.shopify.com/s/files/1/0627/9164/7477/products/glossier-skintint-g9-carousel-03.png?v=1681756615"", ""//cdn.shopify.com/s/files/1/0627/9164/7477/products/glossier-skintint-g9-carousel-04.png?v=1681756615"", ""//cdn.shopify.com/s/files/1/0627/9164/7477/products/glossier-skintint-g9-carousel-05.png?v=1681756615"", ""//cdn.shopify.com/s/files/1/0627/9164/7477/products/glossier-skintint-g9-carousel-07.png?v=1681756615"", ""//cdn.shopify.com/s/files/1/0627/9164/7477/products/glossier-skintint-g9-carousel-08.png?v=1681756615"", ""//cdn.shopify.com/s/files/1/0627/9164/7477/files/glossier-makeup-pst-g10-carousel-01.png?v=1729876147"", ""//cdn.shopify.com/s/files/1/0627/9164/7477/products/glossier-skintint-g10-carousel-02.png?v=1681756602"", ""//cdn.shopify.com/s/files/1/0627/9164/7477/products/glossier-skintint-g10-carousel-03.png?v=1681756602"", ""//cdn.shopify.com/s/files/1/0627/9164/7477/products/glossier-skintint-g10-carousel-04.png?v=1681756602"", ""//cdn.shopify.com/s/files/1/0627/9164/7477/products/glossier-skintint-g10-carousel-05.png?v=1681756602"", ""//cdn.shopify.com/s/files/1/0627/9164/7477/products/glossier-skintint-g10-carousel-07.png?v=1681756602"", ""//cdn.shopify.com/s/files/1/0627/9164/7477/products/glossier-skintint-g10-carousel-08.png?v=1681756602"", ""//cdn.shopify.com/s/files/1/0627/9164/7477/files/glossier-makeup-pst-g11-carousel-01.png?v=1729876147"", ""//cdn.shopify.com/s/files/1/0627/9164/7477/products/glossier-skintint-g11-carousel-02.png?v=1681756602"", ""//cdn.shopify.com/s/files/1/0627/9164/7477/products/glossier-skintint-g11-carousel-03.png?v=1681756602"", ""//cdn.shopify.com/s/files/1/0627/9164/7477/products/glossier-skintint-g11-carousel-04.png?v=1681756602"", ""//cdn.shopify.com/s/files/1/0627/9164/7477/products/glossier-skintint-g11-carousel-05.png?v=1681756602"", ""//cdn.shopify.com/s/files/1/0627/9164/7477/products/glossier-skintint-g11-carousel-07.png?v=1681756602"", ""//cdn.shopify.com/s/files/1/0627/9164/7477/files/glossier-makeup-pst-g12-carousel-01.png?v=1729876148"", ""//cdn.shopify.com/s/files/1/0627/9164/7477/products/glossier-skintint-g12-carousel-02.png?v=1681756602"", ""//cdn.shopify.com/s/files/1/0627/9164/7477/products/glossier-skintint-g12-carousel-03.png?v=1681756602"", ""//cdn.shopify.com/s/files/1/0627/9164/7477/products/glossier-skintint-g12-carousel-04.png?v=1681756602"", ""//cdn.shopify.com/s/files/1/0627/9164/7477/products/glossier-skintint-g12-carousel-05.png?v=1681756602"", ""//cdn.shopify.com/s/files/1/0627/9164/7477/products/glossier-skintint-g12-carousel-07.png?v=1681756602"", ""//cdn.shopify.com/s/files/1/0627/9164/7477/products/glossier-skintint-g12-carousel-08.png?v=1681756602""]",https://www.glossier.com/en-in/products/perfecting-skin-tint,340000,2026-10-02T12:27:48.726473+00:00,"More skin, less makeup. An undetectable wash of color that evens out skin’s appearance but won’t hide your freckles, cake your pores, or cover you up. The ultra-thin, breathable formula leaves you with a smooth, dewy finish that lets your skin shine through. Diamond Powder gives a brightening, soft-focus effect and minimizes the appearance of pores, while Glycerin acts as a moisture lock to attract hydration. Comes in 12 super sheer shades. Key ingredients: Diamond Powder helps visibly brighten and blur your skin, while glycerin (a water magnet) draws in moisture. Diamond Powder : Gives a bright, blurred effect, while minimizing the appearance of pores. Glycerin : Helps skin attract and retain moisture Product details: Dermatologist-tested, ophthalmologist-tested, formulated without fragrance, non-comedogenic Refining Breathable Enhancing Vegan Cruelty-free"
Pet Waste Bag Dispenser,9677678936309,"[""//cdn.shopify.com/s/files/1/0627/9164/7477/files/GL-Pink-Capsule-PDP-Pet-Wast-Bag-Dispenser1.jpg?v=1779724923"", ""//cdn.shopify.com/s/files/1/0627/9164/7477/files/GL-Pink-Capsule-PDP-Pet-Wast-Bag-Dispenser2.jpg?v=1779888166"", ""//cdn.shopify.com/s/files/1/0627/9164/7477/files/GL-Pink-Capsule-PDP-Pet-Wast-Bag-Dispenser3.jpg?v=1779724924"", ""//cdn.shopify.com/s/files/1/0627/9164/7477/files/GL-Pink-Capsule-PDP-Pet-Wast-Bag-Dispenser4.jpg?v=1779724924"", ""//cdn.shopify.com/s/files/1/0627/9164/7477/files/GL-Pink-Capsule-PDP-Pet-Wast-Bag-Dispenser5.jpg?v=1779724924"", ""//cdn.shopify.com/s/files/1/0627/9164/7477/files/GL-Pink-Capsule-PDP-Pet-Wast-Bag-Dispenser6.jpg?v=1779724923""]",https://www.glossier.com/en-in/products/pet-waste-bag-dispenser,100000,2026-10-02T12:27:48.726473+00:00,"For taking care of business in style. We’ve officially upgraded the least glamorous part of pet parenting! Meet our first-ever limited edition pet waste bag dispenser. Designed for the reality that keeping things clean is part of the (puppy) love. Adorned with our signature G-logo, this Sunset Pink accessory clips to our You Look Good Leash and fits our Smile Wave Pet Waste Bags perfectly. Materials : ABS Plastic with Silicone Coating."
Priming Moisturizer Balance,8035304702197,"[""//cdn.shopify.com/s/files/1/0627/9164/7477/files/glossier-skincare-pmb-carousel-01.png?v=1762200212"", ""//cdn.shopify.com/s/files/1/0627/9164/7477/products/glossier-priming-moisturizer-balance-carousel-02.png?v=1718027101"", ""//cdn.shopify.com/s/files/1/0627/9164/7477/products/glossier-priming-moisturizer-balance-carousel-03.png?v=1718027101"", ""//cdn.shopify.com/s/files/1/0627/9164/7477/products/glossier-priming-moisturizer-balance-carousel-04.png?v=1718027101"", ""//cdn.shopify.com/s/files/1/0627/9164/7477/products/glossier-priming-moisturizer-balance-carousel-06.png?v=1718027101"", ""//cdn.shopify.com/s/files/1/0627/9164/7477/products/glossier-priming-moisturizer-balance-carousel-07.png?v=1718027101"", ""//cdn.shopify.com/s/files/1/0627/9164/7477/products/glossier-priming-moisturizer-balance-carousel-08.png?v=1718027101""]",https://www.glossier.com/en-in/products/priming-moisturizer-balance,300000,2026-10-02T12:27:48.726473+00:00,"One step to moisturize, control shine, and refine the look of pores—specifically formulated for oily and combination skin. A fast-absorbing, lightweight gel-cream moisturizer that balances oil without over-drying or leaving a powdery finish. Immediately, thanks to Marine Extract and Niacinamide, pores appear smaller, shine is gone, and skin is hydrated and happy—with more skin-balancing benefits over time. Product Details: Balancing Refining Moisturizing Cruelty free Non-comedogenic Vegan Key Ingredients: Natural extracts—Willow Bark and Apple Fruit—visibly smooth skin and lock in moisture for a balanced, mattified complexion that’s never flat or dull. Apple Fruit Extract Marine Extract Niacinamide Willow Bark Extract Bamboo Extract"
Priming Moisturizer Rich,8035306012917,"[""//cdn.shopify.com/s/files/1/0627/9164/7477/files/glossier-skincare-priming-moisturizer-rich-carousel-1.png?v=1762200241"", ""//cdn.shopify.com/s/files/1/0627/9164/7477/products/glossier-priming-moisturizer-rich-carousel-02.png?v=1718027187"", ""//cdn.shopify.com/s/files/1/0627/9164/7477/products/glossier-priming-moisturizer-rich-carousel-03.png?v=1718027187"", ""//cdn.shopify.com/s/files/1/0627/9164/7477/products/glossier-priming-moisturizer-rich-carousel-04.png?v=1718027187"", ""//cdn.shopify.com/s/files/1/0627/9164/7477/products/glossier-priming-moisturizer-rich-carousel-05.png?v=1718027187"", ""//cdn.shopify.com/s/files/1/0627/9164/7477/products/glossier-priming-moisturizer-rich-carousel-06.png?v=1718027187"", ""//cdn.shopify.com/s/files/1/0627/9164/7477/products/glossier-priming-moisturizer-rich-carousel-07.png?v=1718027187"", ""//cdn.shopify.com/s/files/1/0627/9164/7477/products/glossier-priming-moisturizer-rich-carousel-08.png?v=1718027187""]",https://www.glossier.com/en-in/products/priming-moisturizer-rich,400000,2026-10-02T12:27:48.726473+00:00,"Dry skin’s best friend—an ultra rich, buttery moisturizer. A luxuriously rich yet fast-absorbing face cream that delivers a surge of long-lasting hydration. The buttery texture and blend of botanical oils and glycerin melt into skin to give you a smooth, dewy finish that’s perfectly prepped for makeup. Key ingredients: Rich in ceramides and fatty acids that reinforce skin’s natural moisture barrier, lock-in moisture long-term, and improve radiance over time. Glycerin : Mimics the skin’s natural moisture factor for ultimate hydration. Customized Power Primers : Tailored to dry skin, creates a smooth base and prepares skin before makeup. Ceramides 3 & 6 : Oily waxes that naturally occur in skin and fortify its moisture barrier Essential Key Fatty Acids : Babassu oil provides lipid-rich fatty acids, helping to seal in moisture. Buddleja Officinalis Flower Extract : Antioxidant known to soothe dry skin and helps prevent photoaging through blue light protection. Clinical studies: The Priming Moisturizer Rich consumer study was conducted by a third-party testing facility and included 33 people between the ages of 18 and 50. They used the product in plain packaging for one day and completed a questionnaire based on their experience. Priming Moisturizer Rich made skin feel more hydrated and created a smooth canvas for makeup. 100% agreed the product absorbs quickly and easily and feels gentle on skin. 97% a greed skin felt smoother, moisturized and nourished. 94% agreed it provided a smooth base for makeup. Product details : Nourishing Moisturizing Cruelty-free Non-comedogenic Vegan Formulated without fragrance, silicone-free, recyclable glass"
Sharpener,8463593275637,"[""//cdn.shopify.com/s/files/1/0627/9164/7477/files/glossier-carousel-lipline-sharpener-01.png?v=1762201232"", ""//cdn.shopify.com/s/files/1/0627/9164/7477/files/glossier-carousel-lipline-sharpener-02.png?v=1717506870"", ""//cdn.shopify.com/s/files/1/0627/9164/7477/files/glossier-carousel-lipline-sharpener-03.png?v=1717506869"", ""//cdn.shopify.com/s/files/1/0627/9164/7477/files/glossier-carousel-lipline-sharpener-04.png?v=1717506869"", ""//cdn.shopify.com/s/files/1/0627/9164/7477/files/glossier-carousel-lipline-sharpener-05.png?v=1717506869"", ""//cdn.shopify.com/s/files/1/0627/9164/7477/files/glossier-carousel-lipline-sharpener-06.png?v=1717506869"", ""//cdn.shopify.com/s/files/1/0627/9164/7477/files/glossier-carousel-lipline-sharpener-07.png?v=1717506869"", ""//cdn.shopify.com/s/files/1/0627/9164/7477/files/glossier-carousel-lipline-sharpener-08.png?v=1717506869""]",https://www.glossier.com/en-in/products/sharpener,110000,2026-10-02T12:27:48.726473+00:00,"Pencil precision Keep your essentials in prime condition with this eye + lip liner sharpener featuring a German-engineered blade for smooth, precise lines every time. Product details: German-engineered blade"
Skylight,9178342228213,"[""//cdn.shopify.com/s/files/1/0627/9164/7477/files/glossier-skylight-lunar-carousel-01.png?v=1753898847"", ""//cdn.shopify.com/s/files/1/0627/9164/7477/files/glossier-skylight-lunar-carousel-02.png?v=1753898847"", ""//cdn.shopify.com/s/files/1/0627/9164/7477/files/glossier-skylight-lunar-carousel-03.png?v=1753898847"", ""//cdn.shopify.com/s/files/1/0627/9164/7477/files/glossier-skylight-lunar-carousel-04.png?v=1753898847"", ""//cdn.shopify.com/s/files/1/0627/9164/7477/files/glossier-skylight-lunar-carousel-05.png?v=1753898848"", ""//cdn.shopify.com/s/files/1/0627/9164/7477/files/glossier-skylight-lunar-carousel-06.png?v=1756319270"", ""//cdn.shopify.com/s/files/1/0627/9164/7477/files/glossier-skylight-lunar-carousel-07.png?v=1756319270"", ""//cdn.shopify.com/s/files/1/0627/9164/7477/files/glossier-skylight-lunar-carousel-08.png?v=1756319270"", ""//cdn.shopify.com/s/files/1/0627/9164/7477/files/glossier-skylight-lunar-carousel-09.png?v=1756319270"", ""//cdn.shopify.com/s/files/1/0627/9164/7477/files/glossier-skylight-lunar-carousel-10.png?v=1756319270"", ""//cdn.shopify.com/s/files/1/0627/9164/7477/files/glossier-skylight-lunar-carousel-11.png?v=1756319270"", ""//cdn.shopify.com/s/files/1/0627/9164/7477/files/glossier-skylight-starry-carousel-01.png?v=1756319270"", ""//cdn.shopify.com/s/files/1/0627/9164/7477/files/glossier-skylight-starry-carousel-02.png?v=1756319270"", ""//cdn.shopify.com/s/files/1/0627/9164/7477/files/glossier-skylight-starry-carousel-03.png?v=1756319270"", ""//cdn.shopify.com/s/files/1/0627/9164/7477/files/glossier-skylight-starry-carousel-04.png?v=1756319270"", ""//cdn.shopify.com/s/files/1/0627/9164/7477/files/glossier-skylight-starry-carousel-05.png?v=1756319270"", ""//cdn.shopify.com/s/files/1/0627/9164/7477/files/glossier-skylight-starry-carousel-06.png?v=1756319482"", ""//cdn.shopify.com/s/files/1/0627/9164/7477/files/glossier-skylight-starry-carousel-07.png?v=1756319482"", ""//cdn.shopify.com/s/files/1/0627/9164/7477/files/glossier-skylight-starry-carousel-08.png?v=1756319482"", ""//cdn.shopify.com/s/files/1/0627/9164/7477/files/glossier-skylight-starry-carousel-09.png?v=1756319482"", ""//cdn.shopify.com/s/files/1/0627/9164/7477/files/glossier-skylight-starry-carousel-10.png?v=1756319482"", ""//cdn.shopify.com/s/files/1/0627/9164/7477/files/glossier-skylight-starry-carousel-11.png?v=1756319482"", ""//cdn.shopify.com/s/files/1/0627/9164/7477/files/glossier-skylight-starry-carousel-12.png?v=1756319482"", ""//cdn.shopify.com/s/files/1/0627/9164/7477/files/glossier-skylight-prism-carousel-1.png?v=1756319482"", ""//cdn.shopify.com/s/files/1/0627/9164/7477/files/glossier-skylight-prism-carousel-2.png?v=1756319482"", ""//cdn.shopify.com/s/files/1/0627/9164/7477/files/glossier-skylight-prism-carousel-03_1e7b0d98-67ed-4a9c-ae39-a0a125c48b51.png?v=1756319482"", ""//cdn.shopify.com/s/files/1/0627/9164/7477/files/glossier-skylight-prism-carousel-04_bebe3979-1e23-4f72-8260-a823f98d51d9.png?v=1756319482"", ""//cdn.shopify.com/s/files/1/0627/9164/7477/files/glossier-skylight-prism-carousel-05_3ac5fa38-b8cc-4e7f-ac55-dde0638ae340.png?v=1756319482"", ""//cdn.shopify.com/s/files/1/0627/9164/7477/files/glossier-skylight-prism-carousel-06_182d3aa8-82cf-456c-833c-135e9963f5d5.png?v=1756319482"", ""//cdn.shopify.com/s/files/1/0627/9164/7477/files/glossier-skylight-prism-carousel-07_dc14ac32-7f50-4756-af40-f18b91f37f30.png?v=1756319482"", ""//cdn.shopify.com/s/files/1/0627/9164/7477/files/glossier-skylight-prism-carousel-08_ecb444a6-9758-4c0e-8877-06808d5e806c.png?v=1756319482"", ""//cdn.shopify.com/s/files/1/0627/9164/7477/files/glossier-skylight-prism-carousel-09_1c563927-7b4a-4deb-97e9-b1fe424f8fdf.png?v=1756319482"", ""//cdn.shopify.com/s/files/1/0627/9164/7477/files/glossier-skylight-prism-carousel-10_8ff05e09-19e8-49b2-80c9-a100c4cd5aab.png?v=1756319482"", ""//cdn.shopify.com/s/files/1/0627/9164/7477/files/glossier-skylight-prism-carousel-11_8f594ee6-f6ca-4b76-97c8-83124eabf170.png?v=1756319482"", ""//cdn.shopify.com/s/files/1/0627/9164/7477/files/glossier-skylight-prism-carousel-12_89cb63d7-2748-4827-8b57-430e2a7f378e.png?v=1756319482"", ""//cdn.shopify.com/s/files/1/0627/9164/7477/files/glossier-skylight-sunlit-carousel-01.png?v=1756319482"", ""//cdn.shopify.com/s/files/1/0627/9164/7477/files/glossier-skylight-sunlit-carousel-02.png?v=1756319482"", ""//cdn.shopify.com/s/files/1/0627/9164/7477/files/glossier-skylight-sunlit-carousel-03.png?v=1756319482"", ""//cdn.shopify.com/s/files/1/0627/9164/7477/files/glossier-skylight-sunlit-carousel-04.png?v=1756319482"", ""//cdn.shopify.com/s/files/1/0627/9164/7477/files/glossier-skylight-sunlit-carousel-05.png?v=1756319482"", ""//cdn.shopify.com/s/files/1/0627/9164/7477/files/glossier-skylight-sunlit-carousel-06.png?v=1756319482"", ""//cdn.shopify.com/s/files/1/0627/9164/7477/files/glossier-skylight-sunlit-carousel-07.png?v=1756319482"", ""//cdn.shopify.com/s/files/1/0627/9164/7477/files/glossier-skylight-sunlit-carousel-08.png?v=1756319482"", ""//cdn.shopify.com/s/files/1/0627/9164/7477/files/glossier-skylight-sunlit-carousel-09.png?v=1756319482"", ""//cdn.shopify.com/s/files/1/0627/9164/7477/files/glossier-skylight-sunlit-carousel-10.png?v=1756319482"", ""//cdn.shopify.com/s/files/1/0627/9164/7477/files/glossier-skylight-sunlit-carousel-11.png?v=1756319482"", ""//cdn.shopify.com/s/files/1/0627/9164/7477/files/glossier-skylight-sunlit-carousel-12.png?v=1756319482"", ""//cdn.shopify.com/s/files/1/0627/9164/7477/files/glossier-skylight-glimmer-carousel-01.png?v=1756319482"", ""//cdn.shopify.com/s/files/1/0627/9164/7477/files/glossier-skylight-glimmer-carousel-02.png?v=1756319482"", ""//cdn.shopify.com/s/files/1/0627/9164/7477/files/glossier-skylight-glimmer-carousel-03.png?v=1756319482"", ""//cdn.shopify.com/s/files/1/0627/9164/7477/files/glossier-skylight-glimmer-carousel-04.png?v=1756319482"", ""//cdn.shopify.com/s/files/1/0627/9164/7477/files/glossier-skylight-glimmer-carousel-05.png?v=1756319482"", ""//cdn.shopify.com/s/files/1/0627/9164/7477/files/glossier-skylight-glimmer-carousel-06.png?v=1756319482"", ""//cdn.shopify.com/s/files/1/0627/9164/7477/files/glossier-skylight-glimmer-carousel-07.png?v=1756319482"", ""//cdn.shopify.com/s/files/1/0627/9164/7477/files/glossier-skylight-glimmer-carousel-08.png?v=1756319482"", ""//cdn.shopify.com/s/files/1/0627/9164/7477/files/glossier-skylight-glimmer-carousel-09.png?v=1756319482"", ""//cdn.shopify.com/s/files/1/0627/9164/7477/files/glossier-skylight-glimmer-carousel-10.png?v=1756319482"", ""//cdn.shopify.com/s/files/1/0627/9164/7477/files/glossier-skylight-glimmer-carousel-11.png?v=1756319482"", ""//cdn.shopify.com/s/files/1/0627/9164/7477/files/glossier-skylight-glimmer-carousel-12.png?v=1756319482"", ""//cdn.shopify.com/s/files/1/0627/9164/7477/files/glossier-skylight-gaze-carousel-01.png?v=1756319482"", ""//cdn.shopify.com/s/files/1/0627/9164/7477/files/glossier-skylight-gaze-carousel-02.png?v=1756319482"", ""//cdn.shopify.com/s/files/1/0627/9164/7477/files/glossier-skylight-gaze-carousel-03.png?v=1756319482"", ""//cdn.shopify.com/s/files/1/0627/9164/7477/files/glossier-skylight-gaze-carousel-04.png?v=1756319482"", ""//cdn.shopify.com/s/files/1/0627/9164/7477/files/glossier-skylight-gaze-carousel-05.png?v=1756319482"", ""//cdn.shopify.com/s/files/1/0627/9164/7477/files/glossier-skylight-gaze-carousel-06.png?v=1756319482"", ""//cdn.shopify.com/s/files/1/0627/9164/7477/files/glossier-skylight-gaze-carousel-07.png?v=1756319482"", ""//cdn.shopify.com/s/files/1/0627/9164/7477/files/glossier-skylight-gaze-carousel-08.png?v=1756319482"", ""//cdn.shopify.com/s/files/1/0627/9164/7477/files/glossier-skylight-gaze-carousel-09.png?v=1756319482"", ""//cdn.shopify.com/s/files/1/0627/9164/7477/files/glossier-skylight-gaze-carousel-10.png?v=1756319482"", ""//cdn.shopify.com/s/files/1/0627/9164/7477/files/glossier-skylight-gaze-carousel-11.png?v=1756319482"", ""//cdn.shopify.com/s/files/1/0627/9164/7477/files/glossier-skylight-gaze-carousel-12.png?v=1756319482""]",https://www.glossier.com/en-in/products/skylight,280000,2026-10-02T12:27:48.726473+00:00,"Liquid highlighter Step into your best light. A skin-loving liquid highlighter for pearlescent radiance. Infused with Complexion-Inspired Micro Pearls, this buildable formula delivers long-lasting radiance that is non-sticky, non-tacky and never streaky. Product details: Cruelty-free, vegan, dermatologist-tested, suitable for sen Key ingredients: Gellified Serum Base Complexion-Inspired Micro Pearls Hyaluronic Acid + Copolymers"
Smile Wave Pet Waste Bags,9677686636789,"[""//cdn.shopify.com/s/files/1/0627/9164/7477/files/GL-Pink-Capsule-PDP-Pet-Waste-Bag1.png?v=1779856129"", ""//cdn.shopify.com/s/files/1/0627/9164/7477/files/GL-Pink-Capsule-PDP-Pet-Waste-Bag2.png?v=1779856129"", ""//cdn.shopify.com/s/files/1/0627/9164/7477/files/GL-Pink-Capsule-PDP-Pet-Waste-Bag3.png?v=1779856129"", ""//cdn.shopify.com/s/files/1/0627/9164/7477/files/GL-Pink-Capsule-PDP-Pet-Waste-Bag4.png?v=1779856129"", ""//cdn.shopify.com/s/files/1/0627/9164/7477/files/GL-Pink-Capsule-PDP-Pet-Waste-Bag5.png?v=1779856129""]",https://www.glossier.com/en-in/products/smile-wave-pet-waste-bags,60000,2026-10-02T12:27:48.726473+00:00,"The least glamorous essential, made cute. A cute companion to our Pet Bag Dispenser, this stylish limited edition roll of unscented Glossier pink pet waste bags features our iconic Smile Wave Icon and Glossier logo. Not glamorous, but absolutely necessary—these easy-tear bags are here for the “oh okay, we’re doing this now” moments. Compact, reliable, and always ready when your dog decides it’s time! Materials : 35% Post-Consumer Recycled Plastic, 65% Recycled Materials. Each roll contains 20 waste bags."
Solution,8284280193269,"[""//cdn.shopify.com/s/files/1/0627/9164/7477/files/glossier-skincare-solution-carousel-01.png?v=1762201015"", ""//cdn.shopify.com/s/files/1/0627/9164/7477/files/glossier-solution-v2-02_45b5c703-8c52-47c9-8228-b743aa906027.png?v=1718028435"", ""//cdn.shopify.com/s/files/1/0627/9164/7477/files/glossier-solution-carousel-05_b049b3cf-c995-411a-b255-c54b5e052c34.png?v=1718028435"", ""//cdn.shopify.com/s/files/1/0627/9164/7477/files/glossier-solution-carousel-06_1838f5d6-1dff-4b12-8e5e-0632dbc9ce74.png?v=1718028435"", ""//cdn.shopify.com/s/files/1/0627/9164/7477/files/glossier-solution-carousel-07_9420f88f-ad2d-4249-badf-ed270c2a771c.png?v=1718028435""]",https://www.glossier.com/en-in/products/solution,340000,2026-10-02T12:27:48.726473+00:00,"A daily exfoliator that transforms the look of skin in just four weeks. A daily skin-perfecting exfoliator that transforms the look and feel of your complexion by gently “ungluing” dull, dead skin and sweeping it away. With everyday use, a 10% blend of exfoliating acids help improve the appearance of uneven texture, visibly reduce the look of blemishes, and refine the appearance of enlarged pores for smoother, softer, glowier-looking skin. Key ingredients: Features a triple threat of gentle yet powerful acid groups: Alpha Hydroxy Acid (AHA), Beta Hydroxy Acid (BHA), and Polyhydroxy Acid (PHA). Salicylic Acid BHA : Unclogs pores by breaking oil bonds attached to dead skin Glycolic Acid Brightening AHA : Breaks water bonds attached to dead skin, improving tone and texture. Lactic Acid AHA : Reduces the appearance of dark spots. Gluconolactone PHA : Exfoliates while moisturizing and conditioning. Ultra Nourishing Complex : Aloe, Niacinamide, and Glycerin condition and moisturize. Product details: Illuminating Smoothing Cruelty free Vegan Dermatologist-tested, good for all skin types 4.4 fl oz / 130 ml"
Stretch Balm Concealer,8087462052085,"[""//cdn.shopify.com/s/files/1/0627/9164/7477/files/glossier-stretch-concealer-very-deep-4-carousel-01.png?v=1762200570"", ""//cdn.shopify.com/s/files/1/0627/9164/7477/files/glossier-concealer-verydeep4-carousel-826-02.png?v=1787753145"", ""//cdn.shopify.com/s/files/1/0627/9164/7477/files/glossier-concealer-verydeep4-carousel-04.png?v=1720706470"", ""//cdn.shopify.com/s/files/1/0627/9164/7477/files/glossier-concealer-verydeep4-carousel-07.png?v=1720706470"", ""//cdn.shopify.com/s/files/1/0627/9164/7477/files/glossier-concealer-verydeep-04-carousel-06.png?v=1720706470"", ""//cdn.shopify.com/s/files/1/0627/9164/7477/files/glossier-concealer-verydeep4-carousel-08.png?v=1720706470"", ""//cdn.shopify.com/s/files/1/0627/9164/7477/files/glossier-stretch-concealer-very-deep-3-carousel-01.png?v=1720706020"", ""//cdn.shopify.com/s/files/1/0627/9164/7477/files/glossier-concealer-verydeep3-carousel-826-02.png?v=1787753161"", ""//cdn.shopify.com/s/files/1/0627/9164/7477/files/glossier-concealer-verydeep3-carousel-04.png?v=1720707781"", ""//cdn.shopify.com/s/files/1/0627/9164/7477/files/glossier-concealer-verydeep-03-carousel-06.png?v=1720707781"", ""//cdn.shopify.com/s/files/1/0627/9164/7477/files/glossier-concealer-verydeep3-carousel-07.png?v=1720707781"", ""//cdn.shopify.com/s/files/1/0627/9164/7477/files/glossier-concealer-verydeep3-carousel-08.png?v=1720707781"", ""//cdn.shopify.com/s/files/1/0627/9164/7477/files/glossier-stretch-concealer-very-deep-2-carousel-01.png?v=1720706020"", ""//cdn.shopify.com/s/files/1/0627/9164/7477/files/glossier-concealer-verydeep2-carousel-826-02.png?v=1787753176"", ""//cdn.shopify.com/s/files/1/0627/9164/7477/files/glossier-concealer-verydeep2-carousel-04.png?v=1720707781"", ""//cdn.shopify.com/s/files/1/0627/9164/7477/files/glossier-concealer-verydeep-02-carousel-06.png?v=1720707781"", ""//cdn.shopify.com/s/files/1/0627/9164/7477/files/glossier-concealer-verydeep2-carousel-07.png?v=1720707781"", ""//cdn.shopify.com/s/files/1/0627/9164/7477/files/glossier-concealer-verydeep2-carousel-08.png?v=1720707781"", ""//cdn.shopify.com/s/files/1/0627/9164/7477/files/glossier-stretch-concealer-very-deep-1-carousel-01.png?v=1720706021"", ""//cdn.shopify.com/s/files/1/0627/9164/7477/files/glossier-concealer-verydeep1-carousel-826-02.png?v=1787753193"", ""//cdn.shopify.com/s/files/1/0627/9164/7477/files/glossier-concealer-verydeep1-carousel-04.png?v=1720707781"", ""//cdn.shopify.com/s/files/1/0627/9164/7477/files/glossier-concealer-verydeep1-carousel-07.png?v=1720707781"", ""//cdn.shopify.com/s/files/1/0627/9164/7477/files/glossier-concealer-verydeep-01-carousel-06.png?v=1720707781"", ""//cdn.shopify.com/s/files/1/0627/9164/7477/files/glossier-concealer-verydeep1-carousel-08.png?v=1720707781"", ""//cdn.shopify.com/s/files/1/0627/9164/7477/files/glossier-stretch-concealer-deep-5-carousel-01.png?v=1720706211"", ""//cdn.shopify.com/s/files/1/0627/9164/7477/files/glossier-concealer-deep-5-c-826-02.png?v=1787753211"", ""//cdn.shopify.com/s/files/1/0627/9164/7477/files/glossier-concealer-deep-5-carousel-04.png?v=1720707781"", ""//cdn.shopify.com/s/files/1/0627/9164/7477/files/glossier-concealer-deep-5-carousel-07.png?v=1720707781"", ""//cdn.shopify.com/s/files/1/0627/9164/7477/files/glossier-concealer-deep-05-carousel-06.png?v=1720707781"", ""//cdn.shopify.com/s/files/1/0627/9164/7477/files/glossier-concealer-deep-5-carousel-08.png?v=1720707781"", ""//cdn.shopify.com/s/files/1/0627/9164/7477/files/glossier-stretch-concealer-deep-4-carousel-01.png?v=1720706211"", ""//cdn.shopify.com/s/files/1/0627/9164/7477/files/glossier-concealer-deep-4-c-826-02.png?v=1787753225"", ""//cdn.shopify.com/s/files/1/0627/9164/7477/files/glossier-concealer-deep-4-carousel-04.png?v=1720707781"", ""//cdn.shopify.com/s/files/1/0627/9164/7477/files/glossier-concealer-deep-04-carousel-06.png?v=1720707781"", ""//cdn.shopify.com/s/files/1/0627/9164/7477/files/glossier-concealer-deep-4-carousel-05.png?v=1720707781"", ""//cdn.shopify.com/s/files/1/0627/9164/7477/files/glossier-concealer-deep-4-carousel-07.png?v=1720707781"", ""//cdn.shopify.com/s/files/1/0627/9164/7477/files/glossier-concealer-deep-4-carousel-08.png?v=1720707781"", ""//cdn.shopify.com/s/files/1/0627/9164/7477/files/glossier-stretch-concealer-deep-3-carousel-01.png?v=1720706211"", ""//cdn.shopify.com/s/files/1/0627/9164/7477/files/glossier-concealer-deep-3-carousel-826-02.png?v=1787753241"", ""//cdn.shopify.com/s/files/1/0627/9164/7477/files/glossier-concealer-deep-3-carousel-04.png?v=1720707781"", ""//cdn.shopify.com/s/files/1/0627/9164/7477/files/glossier-concealer-deep-03-carousel-06.png?v=1720707781"", ""//cdn.shopify.com/s/files/1/0627/9164/7477/files/glossier-concealer-deep-3-carousel-07.png?v=1720707781"", ""//cdn.shopify.com/s/files/1/0627/9164/7477/files/glossier-concealer-deep-3-carousel-08.png?v=1720707781"", ""//cdn.shopify.com/s/files/1/0627/9164/7477/files/glossier-stretch-concealer-deep-2-carousel-01.png?v=1720706210"", ""//cdn.shopify.com/s/files/1/0627/9164/7477/files/glossier-concealer-deep-2-carousel-826-02.png?v=1787753265"", ""//cdn.shopify.com/s/files/1/0627/9164/7477/files/glossier-concealer-deep-2-carousel-04.png?v=1720707781"", ""//cdn.shopify.com/s/files/1/0627/9164/7477/files/glossier-concealer-deep-02-carousel-06.png?v=1720707781"", ""//cdn.shopify.com/s/files/1/0627/9164/7477/files/glossier-concealer-deep-2-carousel-07.png?v=1720707781"", ""//cdn.shopify.com/s/files/1/0627/9164/7477/files/glossier-concealer-deep-2-carousel-08.png?v=1720707781"", ""//cdn.shopify.com/s/files/1/0627/9164/7477/files/glossier-stretch-concealer-deep-1-carousel-01.png?v=1720706211"", ""//cdn.shopify.com/s/files/1/0627/9164/7477/files/glossier-concealer-deep-1-carousel-826-02.png?v=1787753287"", ""//cdn.shopify.com/s/files/1/0627/9164/7477/files/glossier-concealer-deep-1-carousel-04.png?v=1720707781"", ""//cdn.shopify.com/s/files/1/0627/9164/7477/files/glossier-concealer-deep-01-carousel-06.png?v=1720707781"", ""//cdn.shopify.com/s/files/1/0627/9164/7477/files/glossier-concealer-deep-1-carousel-07.png?v=1720707781"", ""//cdn.shopify.com/s/files/1/0627/9164/7477/files/glossier-concealer-deep-1-carousel-08.png?v=1720707781"", ""//cdn.shopify.com/s/files/1/0627/9164/7477/files/glossier-stretch-concealer-medium-deep-4-carousel-01.png?v=1720706605"", ""//cdn.shopify.com/s/files/1/0627/9164/7477/files/glossier-concealer-mediumdeep-4-carousel-826-02.png?v=1787753307"", ""//cdn.shopify.com/s/files/1/0627/9164/7477/files/glossier-concealer-mediumdeep-04-carousel-06.png?v=1720707781"", ""//cdn.shopify.com/s/files/1/0627/9164/7477/files/glossier-concealer-mediumdeep-4-carousel-04.png?v=1720707781"", ""//cdn.shopify.com/s/files/1/0627/9164/7477/files/glossier-concealer-mediumdeep-4-carousel-07.png?v=1720707781"", ""//cdn.shopify.com/s/files/1/0627/9164/7477/files/glossier-concealer-mediumdeep-4-carousel-08.png?v=1720707781"", ""//cdn.shopify.com/s/files/1/0627/9164/7477/files/glossier-stretch-concealer-medium-deep-3-carousel-01.png?v=1720706605"", ""//cdn.shopify.com/s/files/1/0627/9164/7477/files/glossier-concealer-mediumdeep-3-carousel-826-02.png?v=1787753322"", ""//cdn.shopify.com/s/files/1/0627/9164/7477/files/glossier-concealer-mediumdeep-3-carousel-04.png?v=1720707781"", ""//cdn.shopify.com/s/files/1/0627/9164/7477/files/glossier-concealer-mediumdeep-03-carousel-06.png?v=1720707781"", ""//cdn.shopify.com/s/files/1/0627/9164/7477/files/glossier-concealer-mediumdeep-3-carousel-07.png?v=1720707781"", ""//cdn.shopify.com/s/files/1/0627/9164/7477/files/glossier-concealer-mediumdeep-3-carousel-08.png?v=1720707781"", ""//cdn.shopify.com/s/files/1/0627/9164/7477/files/glossier-stretch-concealer-medium-deep-2-carousel-01.png?v=1720706605"", ""//cdn.shopify.com/s/files/1/0627/9164/7477/files/glossier-concealer-mediumdeep-2-carousel-826-02.png?v=1787753337"", ""//cdn.shopify.com/s/files/1/0627/9164/7477/files/glossier-concealer-mediumdeep-2-carousel-04.png?v=1720707781"", ""//cdn.shopify.com/s/files/1/0627/9164/7477/files/glossier-concealer-mediumdeep-02-carousel-06.png?v=1720707781"", ""//cdn.shopify.com/s/files/1/0627/9164/7477/files/glossier-concealer-mediumdeep-2-carousel-07.png?v=1720707781"", ""//cdn.shopify.com/s/files/1/0627/9164/7477/files/glossier-concealer-mediumdeep-2-carousel-08.png?v=1720707781"", ""//cdn.shopify.com/s/files/1/0627/9164/7477/files/glossier-stretch-concealer-medium-deep-1-carousel-01.png?v=1720706605"", ""//cdn.shopify.com/s/files/1/0627/9164/7477/files/glossier-concealer-mediumdeep-1-carousel-826-02.png?v=1787753353"", ""//cdn.shopify.com/s/files/1/0627/9164/7477/files/glossier-concealer-mediumdeep-1-carousel-04.png?v=1720707781"", ""//cdn.shopify.com/s/files/1/0627/9164/7477/files/glossier-concealer-mediumdeep-01-carousel-06.png?v=1720707781"", ""//cdn.shopify.com/s/files/1/0627/9164/7477/files/glossier-concealer-mediumdeep-1-carousel-07.png?v=1720707781"", ""//cdn.shopify.com/s/files/1/0627/9164/7477/files/glossier-concealer-mediumdeep-1-carousel-08.png?v=1720707781"", ""//cdn.shopify.com/s/files/1/0627/9164/7477/files/glossier-stretch-concealer-medium-tan-5-carousel-01.png?v=1720707119"", ""//cdn.shopify.com/s/files/1/0627/9164/7477/files/glossier-concealer-mediumtan-5-carousel-826-02.png?v=1787753370"", ""//cdn.shopify.com/s/files/1/0627/9164/7477/files/glossier-concealer-mediumtan-05-carousel-06.png?v=1720707781"", ""//cdn.shopify.com/s/files/1/0627/9164/7477/files/glossier-concealer-mediumtan-05-c-04.png?v=1720707781"", ""//cdn.shopify.com/s/files/1/0627/9164/7477/files/glossier-concealer-mediumtan-5-carousel-07.png?v=1720707781"", ""//cdn.shopify.com/s/files/1/0627/9164/7477/files/glossier-concealer-mediumtan-5-carousel-08.png?v=1720707781"", ""//cdn.shopify.com/s/files/1/0627/9164/7477/files/glossier-stretch-concealer-medium-tan-4-carousel-01.png?v=1720707119"", ""//cdn.shopify.com/s/files/1/0627/9164/7477/files/glossier-concealer-mediumtan-4-carousel-826-02.png?v=1787753385"", ""//cdn.shopify.com/s/files/1/0627/9164/7477/files/glossier-concealer-mediumtan-04-c-04.png?v=1720707781"", ""//cdn.shopify.com/s/files/1/0627/9164/7477/files/glossier-concealer-mediumtan-04-carousel-06.png?v=1720707781"", ""//cdn.shopify.com/s/files/1/0627/9164/7477/files/glossier-concealer-mediumtan-4-carousel-07.png?v=1720707781"", ""//cdn.shopify.com/s/files/1/0627/9164/7477/files/glossier-concealer-mediumtan-4-carousel-08.png?v=1720707781"", ""//cdn.shopify.com/s/files/1/0627/9164/7477/files/glossier-stretch-concealer-medium-tan-3-carousel-01.png?v=1720707119"", ""//cdn.shopify.com/s/files/1/0627/9164/7477/files/glossier-concealer-mediumtan-3-carousel-826-02.png?v=1787753402"", ""//cdn.shopify.com/s/files/1/0627/9164/7477/files/glossier-concealer-mediumtan-3-carousel-04.png?v=1720707781"", ""//cdn.shopify.com/s/files/1/0627/9164/7477/files/glossier-concealer-mediumtan-03-carousel-06.png?v=1720707781"", ""//cdn.shopify.com/s/files/1/0627/9164/7477/files/glossier-concealer-mediumtan-3-carousel-07.png?v=1720707781"", ""//cdn.shopify.com/s/files/1/0627/9164/7477/files/glossier-concealer-mediumtan-3-carousel-08.png?v=1720707781"", ""//cdn.shopify.com/s/files/1/0627/9164/7477/files/glossier-stretch-concealer-medium-tan-2-carousel-01.png?v=1720707119"", ""//cdn.shopify.com/s/files/1/0627/9164/7477/files/glossier-concealer-mediumtan-2-carousel-826-02.png?v=1787753417"", ""//cdn.shopify.com/s/files/1/0627/9164/7477/files/glossier-concealer-mediumtan-2-carousel-04.png?v=1720707781"", ""//cdn.shopify.com/s/files/1/0627/9164/7477/files/glossier-concealer-mediumtan-2-carousel-07.png?v=1720707781"", ""//cdn.shopify.com/s/files/1/0627/9164/7477/files/glossier-concealer-mediumtan-02-carousel-06.png?v=1720707781"", ""//cdn.shopify.com/s/files/1/0627/9164/7477/files/glossier-concealer-mediumtan-2-carousel-08.png?v=1720707781"", ""//cdn.shopify.com/s/files/1/0627/9164/7477/files/glossier-stretch-concealer-medium-tan-1-carousel-01.png?v=1720707119"", ""//cdn.shopify.com/s/files/1/0627/9164/7477/files/glossier-concealer-mediumtan-1-carousel-826-02.png?v=1787753431"", ""//cdn.shopify.com/s/files/1/0627/9164/7477/files/glossier-concealer-mediumtan-01-carousel-06.png?v=1720707781"", ""//cdn.shopify.com/s/files/1/0627/9164/7477/files/glossier-concealer-mediumtan-1-carousel-04.png?v=1720707781"", ""//cdn.shopify.com/s/files/1/0627/9164/7477/files/glossier-concealer-mediumtan-1-carousel-07.png?v=1720707781"", ""//cdn.shopify.com/s/files/1/0627/9164/7477/files/glossier-concealer-mediumtan-1-carousel-08.png?v=1720707781"", ""//cdn.shopify.com/s/files/1/0627/9164/7477/files/glossier-stretch-concealer-medium-5-carousel-01.png?v=1720707585"", ""//cdn.shopify.com/s/files/1/0627/9164/7477/files/glossier-concealer-medium-5-carousel-826-02.png?v=1787753447"", ""//cdn.shopify.com/s/files/1/0627/9164/7477/files/glossier-concealer-medium-05-carousel-06.png?v=1720707781"", ""//cdn.shopify.com/s/files/1/0627/9164/7477/files/glossier-concealer-medium-5-carousel-04.png?v=1720707781"", ""//cdn.shopify.com/s/files/1/0627/9164/7477/files/glossier-concealer-medium-5-carousel-07.png?v=1720707781"", ""//cdn.shopify.com/s/files/1/0627/9164/7477/files/glossier-concealer-medium-5-carousel-08.png?v=1720707938"", ""//cdn.shopify.com/s/files/1/0627/9164/7477/files/glossier-stretch-concealer-medium-4-carousel-01.png?v=1720707585"", ""//cdn.shopify.com/s/files/1/0627/9164/7477/files/glossier-concealer-medium-4-carousel-826-02.png?v=1787753848"", ""//cdn.shopify.com/s/files/1/0627/9164/7477/files/glossier-concealer-medium-4-carousel-04.png?v=1720707941"", ""//cdn.shopify.com/s/files/1/0627/9164/7477/files/glossier-concealer-medium-4-carousel-07.png?v=1720707941"", ""//cdn.shopify.com/s/files/1/0627/9164/7477/files/glossier-concealer-medium-04-carousel-06.png?v=1720707941"", ""//cdn.shopify.com/s/files/1/0627/9164/7477/files/glossier-concealer-medium-4-carousel-08.png?v=1720707941"", ""//cdn.shopify.com/s/files/1/0627/9164/7477/files/glossier-stretch-concealer-medium-3-carousel-01.png?v=1720707585"", ""//cdn.shopify.com/s/files/1/0627/9164/7477/files/glossier-concealer-medium-3-carousel-826-02.png?v=1787753474"", ""//cdn.shopify.com/s/files/1/0627/9164/7477/files/glossier-concealer-medium-3-carousel-04.png?v=1720707941"", ""//cdn.shopify.com/s/files/1/0627/9164/7477/files/glossier-concealer-medium-03-carousel-06.png?v=1720707941"", ""//cdn.shopify.com/s/files/1/0627/9164/7477/files/glossier-stretch-concealer-medium-2-carousel-01.png?v=1720707585"", ""//cdn.shopify.com/s/files/1/0627/9164/7477/files/glossier-concealer-medium-3-carousel-07.png?v=1720707941"", ""//cdn.shopify.com/s/files/1/0627/9164/7477/files/glossier-concealer-medium-3-carousel-08.png?v=1720707941"", ""//cdn.shopify.com/s/files/1/0627/9164/7477/files/glossier-concealer-medium-2-carousel-826-02.png?v=1787753490"", ""//cdn.shopify.com/s/files/1/0627/9164/7477/files/glossier-concealer-medium-2-carousel-04.png?v=1720707941"", ""//cdn.shopify.com/s/files/1/0627/9164/7477/files/glossier-concealer-medium-02-carousel-06.png?v=1720707941"", ""//cdn.shopify.com/s/files/1/0627/9164/7477/files/glossier-concealer-medium-2-carousel-07.png?v=1720707941"", ""//cdn.shopify.com/s/files/1/0627/9164/7477/files/glossier-concealer-medium-2-carousel-08.png?v=1720707941"", ""//cdn.shopify.com/s/files/1/0627/9164/7477/files/glossier-stretch-concealer-medium-1-carousel-01.png?v=1720707585"", ""//cdn.shopify.com/s/files/1/0627/9164/7477/files/glossier-concealer-medium-1-carousel-826-02.png?v=1787753506"", ""//cdn.shopify.com/s/files/1/0627/9164/7477/files/glossier-concealer-medium-1-carousel-04.png?v=1720707941"", ""//cdn.shopify.com/s/files/1/0627/9164/7477/files/glossier-concealer-medium-1-carousel-07.png?v=1720707941"", ""//cdn.shopify.com/s/files/1/0627/9164/7477/files/glossier-concealer-medium-01-carousel-06.png?v=1720707941"", ""//cdn.shopify.com/s/files/1/0627/9164/7477/files/glossier-concealer-medium-1-carousel-08.png?v=1720707941"", ""//cdn.shopify.com/s/files/1/0627/9164/7477/files/glossier-stretch-concealer-light-4-carousel-01.png?v=1720707592"", ""//cdn.shopify.com/s/files/1/0627/9164/7477/files/glossier-concealer-light-4-carousel-826-02.png?v=1787753521"", ""//cdn.shopify.com/s/files/1/0627/9164/7477/files/glossier-concealer-light-4-carousel-04.png?v=1720707941"", ""//cdn.shopify.com/s/files/1/0627/9164/7477/files/glossier-concealer-light-4-carousel-07.png?v=1720707941"", ""//cdn.shopify.com/s/files/1/0627/9164/7477/files/glossier-concealer-light-04-carousel-06.png?v=1720707941"", ""//cdn.shopify.com/s/files/1/0627/9164/7477/files/glossier-concealer-light-4-carousel-08.png?v=1720707941"", ""//cdn.shopify.com/s/files/1/0627/9164/7477/files/glossier-stretch-concealer-light-3-carousel-01.png?v=1720707592"", ""//cdn.shopify.com/s/files/1/0627/9164/7477/files/glossier-concealer-light-3-carousel-826-02.png?v=1787753535"", ""//cdn.shopify.com/s/files/1/0627/9164/7477/files/glossier-concealer-light-3-carousel-04.png?v=1720707941"", ""//cdn.shopify.com/s/files/1/0627/9164/7477/files/glossier-concealer-light-03-carousel-06.png?v=1720707941"", ""//cdn.shopify.com/s/files/1/0627/9164/7477/files/glossier-concealer-light-3-carousel-07.png?v=1720707941"", ""//cdn.shopify.com/s/files/1/0627/9164/7477/files/glossier-concealer-light-3-carousel-08.png?v=1720707941"", ""//cdn.shopify.com/s/files/1/0627/9164/7477/files/glossier-stretch-concealer-light-5-carousel-01.png?v=1720707592"", ""//cdn.shopify.com/s/files/1/0627/9164/7477/files/glossier-concealer-light-5-carousel-826-02.png?v=1787753549"", ""//cdn.shopify.com/s/files/1/0627/9164/7477/files/glossier-concealer-light-5-carousel-04.png?v=1720707941"", ""//cdn.shopify.com/s/files/1/0627/9164/7477/files/glossier-concealer-light-05-carousel-06.png?v=1720707941"", ""//cdn.shopify.com/s/files/1/0627/9164/7477/files/glossier-concealer-light-5-carousel-07.png?v=1720707941"", ""//cdn.shopify.com/s/files/1/0627/9164/7477/files/glossier-stretch-concealer-light-2-carousel-01.png?v=1720707592"", ""//cdn.shopify.com/s/files/1/0627/9164/7477/files/glossier-concealer-light-5-carousel-08.png?v=1720707941"", ""//cdn.shopify.com/s/files/1/0627/9164/7477/files/glossier-concealer-light-2-carousel-826-02.png?v=1787753564"", ""//cdn.shopify.com/s/files/1/0627/9164/7477/files/glossier-concealer-light-2-carousel-04.png?v=1720707941"", ""//cdn.shopify.com/s/files/1/0627/9164/7477/files/glossier-concealer-light-2-carousel-07.png?v=1720707941"", ""//cdn.shopify.com/s/files/1/0627/9164/7477/files/glossier-stretch-concealer-light-1-carousel-01.png?v=1720707592"", ""//cdn.shopify.com/s/files/1/0627/9164/7477/files/glossier-concealer-light-02-carousel-06.png?v=1720707913"", ""//cdn.shopify.com/s/files/1/0627/9164/7477/files/glossier-concealer-light-2-carousel-08.png?v=1720707894"", ""//cdn.shopify.com/s/files/1/0627/9164/7477/files/glossier-concealer-light-1-carousel-826-02.png?v=1787753577"", ""//cdn.shopify.com/s/files/1/0627/9164/7477/files/glossier-stretch-concealer-verylight-4-carousel-01.png?v=1720705767"", ""//cdn.shopify.com/s/files/1/0627/9164/7477/files/glossier-concealer-light-1-carousel-04.png?v=1720707894"", ""//cdn.shopify.com/s/files/1/0627/9164/7477/files/glossier-concealer-light-1-carousel-07.png?v=1720707894"", ""//cdn.shopify.com/s/files/1/0627/9164/7477/files/glossier-concealer-light-01-carousel-06.png?v=1720707894"", ""//cdn.shopify.com/s/files/1/0627/9164/7477/files/glossier-concealer-light-1-carousel-08.png?v=1720707894"", ""//cdn.shopify.com/s/files/1/0627/9164/7477/files/glossier-concealer-verylight-4-carousel-826-02.png?v=1787753592"", ""//cdn.shopify.com/s/files/1/0627/9164/7477/files/glossier-concealer-verylight-4-carousel-04.png?v=1720707894"", ""//cdn.shopify.com/s/files/1/0627/9164/7477/files/glossier-concealer-verylight-4-carousel-05.png?v=1720707894"", ""//cdn.shopify.com/s/files/1/0627/9164/7477/files/glossier-stretch-concealer-verylight-3-carousel-01.png?v=1720705804"", ""//cdn.shopify.com/s/files/1/0627/9164/7477/files/glossier-concealer-verylight-04-carousel-06.png?v=1720707894"", ""//cdn.shopify.com/s/files/1/0627/9164/7477/files/glossier-concealer-verylight-4-carousel-07.png?v=1720707894"", ""//cdn.shopify.com/s/files/1/0627/9164/7477/files/glossier-concealer-verylight-4-carousel-08.png?v=1720707894"", ""//cdn.shopify.com/s/files/1/0627/9164/7477/files/glossier-concealer-verylight-3-carousel-826-02.png?v=1787753610"", ""//cdn.shopify.com/s/files/1/0627/9164/7477/files/glossier-concealer-verylight-3-carousel-04.png?v=1720707894"", ""//cdn.shopify.com/s/files/1/0627/9164/7477/files/glossier-stretch-concealer-verylight-2-carousel-01.png?v=1720705805"", ""//cdn.shopify.com/s/files/1/0627/9164/7477/files/glossier-concealer-verylight-03-carousel-06.png?v=1720707894"", ""//cdn.shopify.com/s/files/1/0627/9164/7477/files/glossier-concealer-verylight-3-carousel-07.png?v=1720707894"", ""//cdn.shopify.com/s/files/1/0627/9164/7477/files/glossier-concealer-verylight-3-carousel-08.png?v=1720707894"", ""//cdn.shopify.com/s/files/1/0627/9164/7477/files/glossier-concealer-verylight-2-carousel-826-02.png?v=1787753625"", ""//cdn.shopify.com/s/files/1/0627/9164/7477/files/glossier-concealer-verylight-02-carousel-06.png?v=1720707894"", ""//cdn.shopify.com/s/files/1/0627/9164/7477/files/glossier-stretch-concealer-verylight-1-carousel-01.png?v=1720705805"", ""//cdn.shopify.com/s/files/1/0627/9164/7477/files/glossier-concealer-verylight-2-carousel-04.png?v=1720707894"", ""//cdn.shopify.com/s/files/1/0627/9164/7477/files/glossier-concealer-verylight-2-carousel-07.png?v=1720707894"", ""//cdn.shopify.com/s/files/1/0627/9164/7477/files/glossier-concealer-verylight-2-carousel-08.png?v=1720707894"", ""//cdn.shopify.com/s/files/1/0627/9164/7477/files/glossier-concealer-verylight-1-carousel-826-02.png?v=1787753641"", ""//cdn.shopify.com/s/files/1/0627/9164/7477/files/glossier-concealer-verylight-01-carousel-06.png?v=1720707894"", ""//cdn.shopify.com/s/files/1/0627/9164/7477/files/glossier-concealer-verylight-1-carousel-04.png?v=1720707894"", ""//cdn.shopify.com/s/files/1/0627/9164/7477/files/glossier-concealer-verylight-1-carousel-07.png?v=1720707894"", ""//cdn.shopify.com/s/files/1/0627/9164/7477/files/glossier-concealer-verylight-1-carousel-08.png?v=1720707894""]",https://www.glossier.com/en-in/products/stretch-balm-concealer,250000,2026-10-02T12:27:48.726473+00:00,"Flexes to fit your needs . The same concealer you know and love, now available in 32 foundation-matching shades. Buildable coverage formulated to camouflage skin realities like dark circles, blemishes, and redness—but always look like skin with a dewy glowy finish. Key ingredients : Skin-first ingredients fit for all skin types. Adaptable Mineral Pigments : Merge seamlessly with skin for undetectable coverage Elastic Micro Waxes : Move with your expressions—no stiffening or caking Avocado Oil + Jojoba Oil : Support the skin’s moisture barrier Product details : Dermatologist-tested, ophthalmologist-tested, formulated without fragrance, non-comedogenic."
Stretch Face Brush,8097737670901,"[""//cdn.shopify.com/s/files/1/0627/9164/7477/files/glossier-makeup-stretch-face-brush-carousel-01.png?v=1762200600"", ""//cdn.shopify.com/s/files/1/0627/9164/7477/files/glossier-stretch-face-brush-carousel-02.png?v=1691498887"", ""//cdn.shopify.com/s/files/1/0627/9164/7477/files/glossier-stretch-face-brush-carousel-03.png?v=1691498887"", ""//cdn.shopify.com/s/files/1/0627/9164/7477/files/glossier-stretch-face-brush-carousel-04.png?v=1691498887"", ""//cdn.shopify.com/s/files/1/0627/9164/7477/files/glossier-stretch-face-brush-carousel-05.png?v=1691498886"", ""//cdn.shopify.com/s/files/1/0627/9164/7477/files/glossier-stretch-face-brush-carousel-06.png?v=1691498887"", ""//cdn.shopify.com/s/files/1/0627/9164/7477/files/glossier-stretch-face-brush-carousel-07.png?v=1691498886"", ""//cdn.shopify.com/s/files/1/0627/9164/7477/files/glossier-stretch-face-brush-carousel-08.png?v=1691498886""]",https://www.glossier.com/en-in/products/stretch-face-brush,320000,2026-10-02T12:27:48.726473+00:00,"Palm-held, seamless application. The curved shape glides across the contours of your face for an easy, streak-free finish. With short, dense, super-soft bristles for buffing, a targeted tip for those hard-to-blend areas, and swivel cover—it’s your new grab-and-go-to face brush. Product Details: Vegan Made with undyed synthetic hair."
Stretch Fluid Foundation,8075554783477,"[""//cdn.shopify.com/s/files/1/0627/9164/7477/files/glossier-stretch-foundation-very-deep-4-carousel-01.png?v=1762200503"", ""//cdn.shopify.com/s/files/1/0627/9164/7477/files/glossier-foundation-verydeep-4-carousel-826-02.png?v=1787752013"", ""//cdn.shopify.com/s/files/1/0627/9164/7477/files/glossier-foundation-verydeep-4-carousel-04.png?v=1721408850"", ""//cdn.shopify.com/s/files/1/0627/9164/7477/files/glossier-foundation-verydeep-04-carousel-05.png?v=1721408850"", ""//cdn.shopify.com/s/files/1/0627/9164/7477/files/glossier-foundation-verydeep-4-carousel-07.png?v=1721408850"", ""//cdn.shopify.com/s/files/1/0627/9164/7477/files/glossier-foundation-verydeep-4-carousel-08.png?v=1721408850"", ""//cdn.shopify.com/s/files/1/0627/9164/7477/files/glossier-stretch-foundation-very-deep-3-carousel-01.png?v=1721408255"", ""//cdn.shopify.com/s/files/1/0627/9164/7477/files/glossier-foundation-verydeep-3-carousel-826-02.png?v=1787752035"", ""//cdn.shopify.com/s/files/1/0627/9164/7477/files/glossier-foundation-verydeep-3-carousel-04.png?v=1721408850"", ""//cdn.shopify.com/s/files/1/0627/9164/7477/files/glossier-foundation-verydeep-3-carousel-07.png?v=1721408850"", ""//cdn.shopify.com/s/files/1/0627/9164/7477/files/glossier-foundation-verydeep-03-carousel-05.png?v=1721408850"", ""//cdn.shopify.com/s/files/1/0627/9164/7477/files/glossier-stretch-foundation-very-deep-2-carousel-01.png?v=1721408255"", ""//cdn.shopify.com/s/files/1/0627/9164/7477/files/glossier-foundation-verydeep-3-carousel-08.png?v=1721408850"", ""//cdn.shopify.com/s/files/1/0627/9164/7477/files/glossier-foundation-verydeep-2-carousel-826-02.png?v=1787752063"", ""//cdn.shopify.com/s/files/1/0627/9164/7477/files/glossier-foundation-verydeep-2-carousel-04.png?v=1721408850"", ""//cdn.shopify.com/s/files/1/0627/9164/7477/files/glossier-foundation-verydeep-2-carousel-07.png?v=1721408850"", ""//cdn.shopify.com/s/files/1/0627/9164/7477/files/glossier-stretch-foundation-very-deep-1-carousel-01.png?v=1721408255"", ""//cdn.shopify.com/s/files/1/0627/9164/7477/files/glossier-foundation-verydeep-02-carousel-05.png?v=1721408850"", ""//cdn.shopify.com/s/files/1/0627/9164/7477/files/glossier-foundation-verydeep-2-carousel-08.png?v=1721408850"", ""//cdn.shopify.com/s/files/1/0627/9164/7477/files/glossier-foundation-verydeep-1-carousel-826-02.png?v=1787752086"", ""//cdn.shopify.com/s/files/1/0627/9164/7477/files/glossier-foundation-verydeep-1-carousel-04.png?v=1721408850"", ""//cdn.shopify.com/s/files/1/0627/9164/7477/files/glossier-stretch-foundation-deep-5-carousel-01.png?v=1721404185"", ""//cdn.shopify.com/s/files/1/0627/9164/7477/files/glossier-foundation-verydeep-1-carousel-07.png?v=1721408850"", ""//cdn.shopify.com/s/files/1/0627/9164/7477/files/glossier-foundation-verydeep-01-carousel-05.png?v=1721408850"", ""//cdn.shopify.com/s/files/1/0627/9164/7477/files/glossier-foundation-verydeep-1-carousel-08.png?v=1721408850"", ""//cdn.shopify.com/s/files/1/0627/9164/7477/files/glossier-foundation-deep-5-carousel-826-02.png?v=1787752116"", ""//cdn.shopify.com/s/files/1/0627/9164/7477/files/glossier-foundation-deep-5-carousel-04.png?v=1721408850"", ""//cdn.shopify.com/s/files/1/0627/9164/7477/files/glossier-stretch-foundation-deep-4-carousel-01.png?v=1721404185"", ""//cdn.shopify.com/s/files/1/0627/9164/7477/files/glossier-foundation-deep-05-carousel-05.png?v=1721408850"", ""//cdn.shopify.com/s/files/1/0627/9164/7477/files/glossier-foundation-deep-5-carousel-07.png?v=1721408850"", ""//cdn.shopify.com/s/files/1/0627/9164/7477/files/glossier-foundation-deep-5-carousel-08.png?v=1721408850"", ""//cdn.shopify.com/s/files/1/0627/9164/7477/files/glossier-foundation-deep-4-carousel-826-02.png?v=1787752137"", ""//cdn.shopify.com/s/files/1/0627/9164/7477/files/glossier-foundation-deep-4-carousel-04.png?v=1721408850"", ""//cdn.shopify.com/s/files/1/0627/9164/7477/files/glossier-stretch-foundation-deep-3-carousel-01.png?v=1721404185"", ""//cdn.shopify.com/s/files/1/0627/9164/7477/files/glossier-foundation-deep-04-carousel-05.png?v=1721408850"", ""//cdn.shopify.com/s/files/1/0627/9164/7477/files/glossier-foundation-deep-4-carousel-07.png?v=1721408850"", ""//cdn.shopify.com/s/files/1/0627/9164/7477/files/glossier-foundation-deep-4-carousel-08.png?v=1721408850"", ""//cdn.shopify.com/s/files/1/0627/9164/7477/files/glossier-foundation-deep-3-carousel-826-02.png?v=1787752158"", ""//cdn.shopify.com/s/files/1/0627/9164/7477/files/glossier-foundation-deep-3-carousel-04.png?v=1721408850"", ""//cdn.shopify.com/s/files/1/0627/9164/7477/files/glossier-stretch-foundation-deep-2-carousel-01.png?v=1721404185"", ""//cdn.shopify.com/s/files/1/0627/9164/7477/files/glossier-foundation-deep-3-carousel-07.png?v=1721408850"", ""//cdn.shopify.com/s/files/1/0627/9164/7477/files/glossier-foundation-deep-03-carousel-05.png?v=1721408850"", ""//cdn.shopify.com/s/files/1/0627/9164/7477/files/glossier-foundation-deep-3-carousel-08.png?v=1721408850"", ""//cdn.shopify.com/s/files/1/0627/9164/7477/files/glossier-foundation-deep-2-carousel-826-02.png?v=1787752173"", ""//cdn.shopify.com/s/files/1/0627/9164/7477/files/glossier-foundation-deep-2-carousel-04.png?v=1721408850"", ""//cdn.shopify.com/s/files/1/0627/9164/7477/files/glossier-stretch-foundation-deep-1-carousel-01.png?v=1721404185"", ""//cdn.shopify.com/s/files/1/0627/9164/7477/files/glossier-foundation-deep-2-carousel-07.png?v=1721408850"", ""//cdn.shopify.com/s/files/1/0627/9164/7477/files/glossier-foundation-deep-02-carousel-05.png?v=1721408850"", ""//cdn.shopify.com/s/files/1/0627/9164/7477/files/glossier-foundation-deep-2-carousel-08.png?v=1721408850"", ""//cdn.shopify.com/s/files/1/0627/9164/7477/files/glossier-foundation-deep-1-carousel-826-02.png?v=1787752196"", ""//cdn.shopify.com/s/files/1/0627/9164/7477/files/glossier-foundation-deep-1-carousel-04.png?v=1721408850"", ""//cdn.shopify.com/s/files/1/0627/9164/7477/files/glossier-stretch-foundation-medium-deep-4-carousel-01.png?v=1721403851"", ""//cdn.shopify.com/s/files/1/0627/9164/7477/files/glossier-foundation-deep-01-carousel-05.png?v=1721408850"", ""//cdn.shopify.com/s/files/1/0627/9164/7477/files/glossier-foundation-deep-1-carousel-07.png?v=1721408850"", ""//cdn.shopify.com/s/files/1/0627/9164/7477/files/glossier-foundation-deep-1-carousel-08.png?v=1721408850"", ""//cdn.shopify.com/s/files/1/0627/9164/7477/files/glossier-foundation-mediumdeep-4-carousel-826-02.png?v=1787752220"", ""//cdn.shopify.com/s/files/1/0627/9164/7477/files/glossier-foundation-mediumdeep-4-carousel-04.png?v=1721408850"", ""//cdn.shopify.com/s/files/1/0627/9164/7477/files/glossier-foundation-mediumdeep-4-carousel-07.png?v=1721408850"", ""//cdn.shopify.com/s/files/1/0627/9164/7477/files/glossier-stretch-foundation-medium-deep-3-carousel-01.png?v=1721403851"", ""//cdn.shopify.com/s/files/1/0627/9164/7477/files/glossier-foundation-mediumdeep-04-carousel-05.png?v=1721408850"", ""//cdn.shopify.com/s/files/1/0627/9164/7477/files/glossier-foundation-mediumdeep-4-carousel-08.png?v=1721408850"", ""//cdn.shopify.com/s/files/1/0627/9164/7477/files/glossier-foundation-mediumdeep-3-carousel-826-02.png?v=1787752240"", ""//cdn.shopify.com/s/files/1/0627/9164/7477/files/glossier-foundation-mediumdeep-3-carousel-04.png?v=1721408850"", ""//cdn.shopify.com/s/files/1/0627/9164/7477/files/glossier-foundation-mediumdeep-3-carousel-07.png?v=1721408850"", ""//cdn.shopify.com/s/files/1/0627/9164/7477/files/glossier-foundation-mediumdeep-03-carousel-05.png?v=1721408850"", ""//cdn.shopify.com/s/files/1/0627/9164/7477/files/glossier-stretch-foundation-medium-deep-2-carousel-01.png?v=1721403851"", ""//cdn.shopify.com/s/files/1/0627/9164/7477/files/glossier-foundation-mediumdeep-3-carousel-08.png?v=1721408850"", ""//cdn.shopify.com/s/files/1/0627/9164/7477/files/glossier-foundation-mediumdeep-2-carousel-826-02.png?v=1787752258"", ""//cdn.shopify.com/s/files/1/0627/9164/7477/files/glossier-foundation-mediumdeep-2-carousel-04.png?v=1721408850"", ""//cdn.shopify.com/s/files/1/0627/9164/7477/files/glossier-stretch-foundation-medium-deep-1-carousel-01.png?v=1721403851"", ""//cdn.shopify.com/s/files/1/0627/9164/7477/files/glossier-foundation-mediumdeep-2-carousel-07.png?v=1721408850"", ""//cdn.shopify.com/s/files/1/0627/9164/7477/files/glossier-foundation-mediumdeep-02-carousel-05.png?v=1721408850"", ""//cdn.shopify.com/s/files/1/0627/9164/7477/files/glossier-foundation-mediumdeep-2-carousel-08.png?v=1721408850"", ""//cdn.shopify.com/s/files/1/0627/9164/7477/files/glossier-foundation-mediumdeep-1-carousel-826-02.png?v=1787752285"", ""//cdn.shopify.com/s/files/1/0627/9164/7477/files/glossier-foundation-mediumdeep-1-carousel-04.png?v=1721408850"", ""//cdn.shopify.com/s/files/1/0627/9164/7477/files/glossier-stretch-foundation-medium-tan-5-carousel-01.png?v=1721403546"", ""//cdn.shopify.com/s/files/1/0627/9164/7477/files/glossier-foundation-mediumdeep-1-carousel-07.png?v=1721408850"", ""//cdn.shopify.com/s/files/1/0627/9164/7477/files/glossier-foundation-mediumdeep-01-carousel-05.png?v=1721408850"", ""//cdn.shopify.com/s/files/1/0627/9164/7477/files/glossier-foundation-mediumdeep-1-carousel-08.png?v=1721408850"", ""//cdn.shopify.com/s/files/1/0627/9164/7477/files/glossier-foundation-mediumtan-5-carousel-826-02.png?v=1787752303"", ""//cdn.shopify.com/s/files/1/0627/9164/7477/files/glossier-foundation-mediumtan-5-carousel-04.png?v=1721408850"", ""//cdn.shopify.com/s/files/1/0627/9164/7477/files/glossier-stretch-foundation-medium-tan-4-carousel-01.png?v=1721403546"", ""//cdn.shopify.com/s/files/1/0627/9164/7477/files/glossier-foundation-mediumtan-5-carousel-07.png?v=1721408850"", ""//cdn.shopify.com/s/files/1/0627/9164/7477/files/glossier-foundation-mediumtan-05-carousel-05.png?v=1721408850"", ""//cdn.shopify.com/s/files/1/0627/9164/7477/files/glossier-foundation-mediumtan-5-carousel-08.png?v=1721408850"", ""//cdn.shopify.com/s/files/1/0627/9164/7477/files/glossier-foundation-mediumtan-4-carousel-826-02.png?v=1787752326"", ""//cdn.shopify.com/s/files/1/0627/9164/7477/files/glossier-foundation-mediumtan-4-carousel-04.png?v=1721408850"", ""//cdn.shopify.com/s/files/1/0627/9164/7477/files/glossier-stretch-foundation-medium-tan-3-carousel-01.png?v=1721403546"", ""//cdn.shopify.com/s/files/1/0627/9164/7477/files/glossier-foundation-mediumtan-4-carousel-07.png?v=1721408850"", ""//cdn.shopify.com/s/files/1/0627/9164/7477/files/glossier-foundation-mediumtan-04-carousel-05.png?v=1721408850"", ""//cdn.shopify.com/s/files/1/0627/9164/7477/files/glossier-foundation-mediumtan-4-carousel-08.png?v=1721408850"", ""//cdn.shopify.com/s/files/1/0627/9164/7477/files/glossier-foundation-mediumtan-3-carousel-826-02.png?v=1787752345"", ""//cdn.shopify.com/s/files/1/0627/9164/7477/files/glossier-foundation-mediumtan-3-carousel-04.png?v=1721408850"", ""//cdn.shopify.com/s/files/1/0627/9164/7477/files/glossier-stretch-foundation-medium-tan-2-carousel-01.png?v=1721403546"", ""//cdn.shopify.com/s/files/1/0627/9164/7477/files/glossier-foundation-mediumtan-3-carousel-07.png?v=1721408850"", ""//cdn.shopify.com/s/files/1/0627/9164/7477/files/glossier-foundation-mediumtan-03-carousel-05.png?v=1721408850"", ""//cdn.shopify.com/s/files/1/0627/9164/7477/files/glossier-foundation-mediumtan-3-carousel-08.png?v=1721408850"", ""//cdn.shopify.com/s/files/1/0627/9164/7477/files/glossier-foundation-mediumtan-2-carousel-826-02.png?v=1787752361"", ""//cdn.shopify.com/s/files/1/0627/9164/7477/files/glossier-foundation-mediumtan-2-carousel-04.png?v=1721408850"", ""//cdn.shopify.com/s/files/1/0627/9164/7477/files/glossier-stretch-foundation-medium-tan-1-carousel-01.png?v=1721403547"", ""//cdn.shopify.com/s/files/1/0627/9164/7477/files/glossier-foundation-mediumtan-2-carousel-07.png?v=1721408850"", ""//cdn.shopify.com/s/files/1/0627/9164/7477/files/glossier-foundation-mediumtan-02-carousel-05.png?v=1721408850"", ""//cdn.shopify.com/s/files/1/0627/9164/7477/files/glossier-foundation-mediumtan-2-carousel-08.png?v=1721408850"", ""//cdn.shopify.com/s/files/1/0627/9164/7477/files/glossier-foundation-mediumtan-1-carousel-826-02.png?v=1787752377"", ""//cdn.shopify.com/s/files/1/0627/9164/7477/files/glossier-foundation-mediumtan-1-carousel-04.png?v=1721408850"", ""//cdn.shopify.com/s/files/1/0627/9164/7477/files/glossier-foundation-mediumtan-1-carousel-07.png?v=1721408850"", ""//cdn.shopify.com/s/files/1/0627/9164/7477/files/glossier-foundation-mediumtan-01-carousel-05.png?v=1721408850"", ""//cdn.shopify.com/s/files/1/0627/9164/7477/files/glossier-foundation-mediumtan-1-carousel-08.png?v=1721408850"", ""//cdn.shopify.com/s/files/1/0627/9164/7477/files/glossier-stretch-foundation-medium-5-carousel-01.png?v=1721403215"", ""//cdn.shopify.com/s/files/1/0627/9164/7477/files/glossier-foundation-medium-5-carousel-826-02.png?v=1787752393"", ""//cdn.shopify.com/s/files/1/0627/9164/7477/files/glossier-foundation-medium-5-carousel-04.png?v=1721408850"", ""//cdn.shopify.com/s/files/1/0627/9164/7477/files/glossier-foundation-medium-05-carousel-05.png?v=1721408850"", ""//cdn.shopify.com/s/files/1/0627/9164/7477/files/glossier-foundation-medium-5-carousel-07.png?v=1721408850"", ""//cdn.shopify.com/s/files/1/0627/9164/7477/files/glossier-foundation-medium-5-carousel-08.png?v=1721408850"", ""//cdn.shopify.com/s/files/1/0627/9164/7477/files/glossier-stretch-foundation-medium-4-carousel-01.png?v=1721403215"", ""//cdn.shopify.com/s/files/1/0627/9164/7477/files/glossier-foundation-medium-4-carousel-826-02.png?v=1787752409"", ""//cdn.shopify.com/s/files/1/0627/9164/7477/files/glossier-foundation-medium-4-carousel-04.png?v=1721408850"", ""//cdn.shopify.com/s/files/1/0627/9164/7477/files/glossier-stretch-foundation-medium-3-carousel-01.png?v=1721403215"", ""//cdn.shopify.com/s/files/1/0627/9164/7477/files/glossier-foundation-medium-4-carousel-07.png?v=1721408850"", ""//cdn.shopify.com/s/files/1/0627/9164/7477/files/glossier-foundation-medium-04-carousel-05.png?v=1721408850"", ""//cdn.shopify.com/s/files/1/0627/9164/7477/files/glossier-foundation-medium-4-carousel-08.png?v=1721408850"", ""//cdn.shopify.com/s/files/1/0627/9164/7477/files/glossier-foundation-medium-3-carousel-826-02.png?v=1787752425"", ""//cdn.shopify.com/s/files/1/0627/9164/7477/files/glossier-foundation-medium-3-carousel-04.png?v=1721408850"", ""//cdn.shopify.com/s/files/1/0627/9164/7477/files/glossier-foundation-medium-03-carousel-05.png?v=1721408850"", ""//cdn.shopify.com/s/files/1/0627/9164/7477/files/glossier-foundation-medium-3-carousel-07.png?v=1721408850"", ""//cdn.shopify.com/s/files/1/0627/9164/7477/files/glossier-foundation-medium-3-carousel-08.png?v=1721408850"", ""//cdn.shopify.com/s/files/1/0627/9164/7477/files/glossier-stretch-foundation-medium-2-carousel-01.png?v=1721403215"", ""//cdn.shopify.com/s/files/1/0627/9164/7477/files/glossier-foundation-medium-2-carousel-826-02.png?v=1787752443"", ""//cdn.shopify.com/s/files/1/0627/9164/7477/files/glossier-foundation-medium-2-carousel-04.png?v=1721408850"", ""//cdn.shopify.com/s/files/1/0627/9164/7477/files/glossier-stretch-foundation-medium-1-carousel-01.png?v=1721403215"", ""//cdn.shopify.com/s/files/1/0627/9164/7477/files/glossier-foundation-medium-2-carousel-07.png?v=1721408850"", ""//cdn.shopify.com/s/files/1/0627/9164/7477/files/glossier-foundation-medium-02-carousel-05.png?v=1721408850"", ""//cdn.shopify.com/s/files/1/0627/9164/7477/files/glossier-foundation-medium-2-carousel-08.png?v=1721408850"", ""//cdn.shopify.com/s/files/1/0627/9164/7477/files/glossier-foundation-medium-1-carousel-826-02.png?v=1787752461"", ""//cdn.shopify.com/s/files/1/0627/9164/7477/files/glossier-foundation-medium-1-carousel-04.png?v=1721408850"", ""//cdn.shopify.com/s/files/1/0627/9164/7477/files/glossier-foundation-medium-1-carousel-07.png?v=1721408850"", ""//cdn.shopify.com/s/files/1/0627/9164/7477/files/glossier-foundation-medium-01-carousel-05.png?v=1721408850"", ""//cdn.shopify.com/s/files/1/0627/9164/7477/files/glossier-foundation-medium-1-carousel-08.png?v=1721408850"", ""//cdn.shopify.com/s/files/1/0627/9164/7477/files/glossier-stretch-foundation-light-5-carousel-01.png?v=1721402659"", ""//cdn.shopify.com/s/files/1/0627/9164/7477/files/glossier-foundation-light-5-carousel-826-02.png?v=1787752475"", ""//cdn.shopify.com/s/files/1/0627/9164/7477/files/glossier-foundation-light-5-carousel-04.png?v=1721408850"", ""//cdn.shopify.com/s/files/1/0627/9164/7477/files/glossier-foundation-light-5-carousel-07.png?v=1721408850"", ""//cdn.shopify.com/s/files/1/0627/9164/7477/files/glossier-foundation-light-04-carousel-05.png?v=1721408850"", ""//cdn.shopify.com/s/files/1/0627/9164/7477/files/glossier-foundation-light-5-carousel-08.png?v=1721408850"", ""//cdn.shopify.com/s/files/1/0627/9164/7477/files/glossier-stretch-foundation-light-4-carousel-01.png?v=1721402660"", ""//cdn.shopify.com/s/files/1/0627/9164/7477/files/glossier-foundation-light-4-carousel-826-02.png?v=1787752490"", ""//cdn.shopify.com/s/files/1/0627/9164/7477/files/glossier-foundation-light-4-carousel-04.png?v=1721408850"", ""//cdn.shopify.com/s/files/1/0627/9164/7477/files/glossier-foundation-light-05-carousel-05.png?v=1721408850"", ""//cdn.shopify.com/s/files/1/0627/9164/7477/files/glossier-foundation-light-4-carousel-07.png?v=1721408850"", ""//cdn.shopify.com/s/files/1/0627/9164/7477/files/glossier-foundation-light-4-carousel-08.png?v=1721408850"", ""//cdn.shopify.com/s/files/1/0627/9164/7477/files/glossier-stretch-foundation-light-3-carousel-01.png?v=1721402659"", ""//cdn.shopify.com/s/files/1/0627/9164/7477/files/glossier-foundation-light-3-carousel-826-02.png?v=1787752506"", ""//cdn.shopify.com/s/files/1/0627/9164/7477/files/glossier-foundation-light-3-carousel-04.png?v=1721408850"", ""//cdn.shopify.com/s/files/1/0627/9164/7477/files/glossier-foundation-light-3-carousel-07.png?v=1721408850"", ""//cdn.shopify.com/s/files/1/0627/9164/7477/files/glossier-foundation-light-03-carousel-05.png?v=1721408850"", ""//cdn.shopify.com/s/files/1/0627/9164/7477/files/glossier-foundation-light-3-carousel-08.png?v=1721408850"", ""//cdn.shopify.com/s/files/1/0627/9164/7477/files/glossier-stretch-foundation-light-2-carousel-01.png?v=1721402660"", ""//cdn.shopify.com/s/files/1/0627/9164/7477/files/glossier-foundation-light-2-carousel-826-02.png?v=1787693459"", ""//cdn.shopify.com/s/files/1/0627/9164/7477/files/glossier-foundation-light-2-carousel-04.png?v=1721408850"", ""//cdn.shopify.com/s/files/1/0627/9164/7477/files/glossier-foundation-light-2-carousel-07.png?v=1721408850"", ""//cdn.shopify.com/s/files/1/0627/9164/7477/files/glossier-foundation-light-02-carousel-05.png?v=1721408850"", ""//cdn.shopify.com/s/files/1/0627/9164/7477/files/glossier-foundation-light-2-carousel-08.png?v=1721408850"", ""//cdn.shopify.com/s/files/1/0627/9164/7477/files/glossier-stretch-foundation-light-1-carousel-01.png?v=1721402660"", ""//cdn.shopify.com/s/files/1/0627/9164/7477/files/glossier-foundation-light-1-carousel-826-02.png?v=1787752532"", ""//cdn.shopify.com/s/files/1/0627/9164/7477/files/glossier-foundation-light-1-carousel-04.png?v=1721408850"", ""//cdn.shopify.com/s/files/1/0627/9164/7477/files/glossier-foundation-light-1-carousel-07.png?v=1721408850"", ""//cdn.shopify.com/s/files/1/0627/9164/7477/files/glossier-foundation-light-01-carousel-05.png?v=1721408850"", ""//cdn.shopify.com/s/files/1/0627/9164/7477/files/glossier-foundation-light-1-carousel-08.png?v=1721408850"", ""//cdn.shopify.com/s/files/1/0627/9164/7477/files/glossier-stretch-foundation-verylight-4-carousel-01.png?v=1721402547"", ""//cdn.shopify.com/s/files/1/0627/9164/7477/files/glossier-foundation-verylight-4-carousel-826-02.png?v=1787752551"", ""//cdn.shopify.com/s/files/1/0627/9164/7477/files/glossier-foundation-verylight-4-carousel-04.png?v=1721408850"", ""//cdn.shopify.com/s/files/1/0627/9164/7477/files/glossier-foundation-verylight-4-carousel-07.png?v=1721408850"", ""//cdn.shopify.com/s/files/1/0627/9164/7477/files/glossier-foundation-verylight-04-carousel-05.png?v=1721408850"", ""//cdn.shopify.com/s/files/1/0627/9164/7477/files/glossier-foundation-verylight-4-carousel-08.png?v=1721408850"", ""//cdn.shopify.com/s/files/1/0627/9164/7477/files/glossier-stretch-foundation-verylight-2-carousel-01.png?v=1721402547"", ""//cdn.shopify.com/s/files/1/0627/9164/7477/files/glossier-foundation-verylight-2-carousel-826-02.png?v=1787752571"", ""//cdn.shopify.com/s/files/1/0627/9164/7477/files/glossier-foundation-verylight-2-carousel-04.png?v=1721408850"", ""//cdn.shopify.com/s/files/1/0627/9164/7477/files/glossier-foundation-verylight-02-carousel-05.png?v=1721408850"", ""//cdn.shopify.com/s/files/1/0627/9164/7477/files/glossier-foundation-verylight-2-carousel-07.png?v=1721408850"", ""//cdn.shopify.com/s/files/1/0627/9164/7477/files/glossier-foundation-verylight-2-carousel-08.png?v=1721408850"", ""//cdn.shopify.com/s/files/1/0627/9164/7477/files/glossier-stretch-foundation-verylight-3-carousel-01.png?v=1721402547"", ""//cdn.shopify.com/s/files/1/0627/9164/7477/files/glossier-foundation-verylight-3-carousel-826-02.png?v=1787752587"", ""//cdn.shopify.com/s/files/1/0627/9164/7477/files/glossier-foundation-verylight-3-carousel-04.png?v=1721408850"", ""//cdn.shopify.com/s/files/1/0627/9164/7477/files/glossier-foundation-verylight-3-carousel-07.png?v=1721408850"", ""//cdn.shopify.com/s/files/1/0627/9164/7477/files/glossier-foundation-verylight-03-carousel-05.png?v=1721408850"", ""//cdn.shopify.com/s/files/1/0627/9164/7477/files/glossier-stretch-foundation-verylight-1-carousel-01.png?v=1721402547"", ""//cdn.shopify.com/s/files/1/0627/9164/7477/files/glossier-foundation-verylight-3-carousel-08.png?v=1721408850"", ""//cdn.shopify.com/s/files/1/0627/9164/7477/files/glossier-foundation-verylight-1-carousel-826-02.png?v=1787752611"", ""//cdn.shopify.com/s/files/1/0627/9164/7477/files/glossier-foundation-verylight-1-carousel-04.png?v=1721408850"", ""//cdn.shopify.com/s/files/1/0627/9164/7477/files/glossier-foundation-verylight-01-carousel-05.png?v=1721408850"", ""//cdn.shopify.com/s/files/1/0627/9164/7477/files/glossier-foundation-verylight-1-carousel-07.png?v=1721408850"", ""//cdn.shopify.com/s/files/1/0627/9164/7477/files/glossier-foundation-verylight-1-carousel-08.png?v=1721408850""]",https://www.glossier.com/en-in/products/stretch-fluid-foundation,390000,2026-10-02T12:27:48.726473+00:00,"Made for real life. An 89% skincare-based, gel-cream foundation that leaves skin looking moisturized with a natural-to-you finish. Formulated to fuse with skin (never cake on-top), to blend seamlessly and wear up to 12 hours. Key ingredients: Guaranteed to look as good outside as it does in your bathroom mirror. Squalane + Glycerin : Help support the moisture barrier + nourish skin Wild Rose Berry + Plankton Extract : Balance the look excess shine + help maintain hydration, making it suitable for all skin types Amino Acid Coated Pigments : Fuse with skin for all-day flexible coverage Clinical studies: The Stretch Foundation consumer study was conducted by a third-party testing facility and included 50 people between the ages of 18 and 60. They used the product in plain packaging for two weeks and completed a questionnaire based on their experience. 100% said formula is lightweight + feels like skincare 98% said formula feels flexible, looks like skin + allows skin to breathe 98% agreed skin looks hydrated after 12 hours Product details: Crease-resistant Transfer-resistant Sweat-resistant Cruelty-free Vegan Dermatologist-tested, formulated without fragrance, non-comedogenic."
Super Bounce,8035305488629,"[""//cdn.shopify.com/s/files/1/0627/9164/7477/products/glossier-super-bounce-carousel-01_76a56806-4efa-4df0-9beb-2f030da73fa3.png?v=1762200229"", ""//cdn.shopify.com/s/files/1/0627/9164/7477/products/glossier-super-bounce-carousel-02.png?v=1681480361"", ""//cdn.shopify.com/s/files/1/0627/9164/7477/products/glossier-super-bounce-carousel-04.png?v=1681480361"", ""//cdn.shopify.com/s/files/1/0627/9164/7477/products/glossier-super-bounce-carousel-05.png?v=1681480361"", ""//cdn.shopify.com/s/files/1/0627/9164/7477/products/glossier-super-bounce-carousel-07.gif?v=1681482020"", ""//cdn.shopify.com/s/files/1/0627/9164/7477/files/glossier-skincare-super-bounce-carousel-01.png?v=1718028669""]",https://www.glossier.com/en-in/products/super-bounce,390000,2026-10-02T12:27:48.726473+00:00,"A refreshing Hyaluronic Acid serum for an instantly soft, smooth (never sticky!) canvas. A fast-absorbing, super refreshing serum with a soothing combo of 2% Hyaluronic Acid Complex and Pro-Vitamin B5. Beneath the skin, this one-two punch gets to work, deeply hydrating on multiple layers for a visibly smooth, soft (and never sticky) canvas. Key ingredients : Pro-Vitamin B5 and three molecular weights of Hyaluronic Acid pull moisture into the skin like a magnet (and keep it there) for instantly smooth, silky skin and long-lasting hydration. 2% Hyaluronic Acid Complex : A mega hydrator. Three molecular weights of Hyaluronic Acid deliver immediate and long-term hydration. Pro-Vitamin B5 : Like the nutrient found naturally in mushrooms, avocados, and lentils, Pro-Vitamin B5 helps reveal skin that looks softer and more supple. Clinical studies : Super Bounce made skin look and feel smoother, softer and more hydrated in just 4 weeks. The Super Bounce consumer study was conducted by a third-party testing facility and included 30 people between the ages of 18 and 55. They used the product in plain packaging for four weeks and completed a questionnaire based on their experience. 80% said the product improved the overall look and feel of skin immediately after use. 90% said skin looked and felt smoother after 4 weeks of use. Product details: Hydrating Soothing Cruelty-free Dermatologist tested, formulated without fragrance, plays well with all skin types"
Super Glow,8035305259253,"[""//cdn.shopify.com/s/files/1/0627/9164/7477/files/glossier-skincare-super-glow-carousel-01.png?v=1762200224"", ""//cdn.shopify.com/s/files/1/0627/9164/7477/products/glossier-super-glow-carousel-02.png?v=1718028631"", ""//cdn.shopify.com/s/files/1/0627/9164/7477/products/glossier-super-glow-carousel-03.png?v=1718028631"", ""//cdn.shopify.com/s/files/1/0627/9164/7477/products/glossier-super-glow-carousel-04.png?v=1718028631"", ""//cdn.shopify.com/s/files/1/0627/9164/7477/products/glossier-super-glow-carousel-05.png?v=1718028631""]",https://www.glossier.com/en-in/products/super-glow,390000,2026-10-02T12:27:48.726473+00:00,"A nourishing Vitamin C serum for visibly smoother, more even-toned skin over time. A lightweight, nourishing serum formulated with 5% Vitamin C derivative and Magnesium PCA. These ingredients team up to even skin tone, improve the appearance of dark spots, and replenish moisture for recharged, refreshed and glowy skin. Key ingredients : Pro-Vitamin B5 and three molecular weights of Hyaluronic Acid pull moisture into the skin like a magnet (and keep it there) for instantly smooth, silky skin and long-lasting hydration. 5% Vitamin C derivative (Magnesium Ascorbyl Phosphate aka MAP) : A more stable form of Vitamin C, it helps improve the appearance of dark spots and creates smoother, brighter-looking skin. Magnesium PCA : Like a fresh battery, it energizes tired-looking skin. Clinical studies : In a clinical study, Super Glow gave users a brighter, more energized glow in just 2 weeks. The Super Glow consumer study was conducted by a third-party testing facility and included 30 people between the ages of 18 and 55. They used the product in plain packaging for eight weeks and completed a questionnaire based on their experience. 90% s aid the product gave them a healthy glow after 2 weeks. 90% said their skin looked energized after 8 weeks. Product details : Energizing Illuminating Enhancing Cruelty-free Vegan Dermatologist tested, formulated without fragrance, plays well with all skin types"
Super Pure,8035304898805,"[""//cdn.shopify.com/s/files/1/0627/9164/7477/files/glossier-skincare-super-pure-carousel-01.png?v=1762200217"", ""//cdn.shopify.com/s/files/1/0627/9164/7477/products/glossier-super-pure-carousel-02.png?v=1718028644"", ""//cdn.shopify.com/s/files/1/0627/9164/7477/products/glossier-super-pure-carousel-03.png?v=1718028644"", ""//cdn.shopify.com/s/files/1/0627/9164/7477/products/glossier-super-pure-carousel-04.png?v=1718028644"", ""//cdn.shopify.com/s/files/1/0627/9164/7477/products/glossier-super-pure-carousel-05.png?v=1718028644"", ""//cdn.shopify.com/s/files/1/0627/9164/7477/products/glossier-super-pure-carousel-06.png?v=1718028644"", ""//cdn.shopify.com/s/files/1/0627/9164/7477/products/glossier-super-pure-carousel-07.png?v=1718028644""]",https://www.glossier.com/en-in/products/super-pure,390000,2026-10-02T12:27:48.726473+00:00,"A waterweight Niacinamide serum to reset and balance skin in four weeks. A daily vitamin and mineral duo of Zinc PCA and 5% Niacinamide (the perfect amount to be effective without irritating skin). This double dose nourishes skin for visibly smoother texture, smaller-looking pores, and improved clarity. Key ingredients : 5% Niacinamide and Zinc PCA help keep thirsty skin quenched (but never oily), visibly improves the look of texture and pores, and helps soothe irritation caused by breakouts. 5% Niacinamide : An essential vitamin (an active form of B3) that has great skin benefits! Gentle enough for daily use, it helps keep skin moisturized and visibly improves the look of texture and pores. Zinc PCA : Known to soothe irritation caused by breakouts. Over time, it can help sort out oiliness, while simultaneously holding moisture in the skin—resulting in that highly-sought-after balance of not-too-shiny and comfortably hydrated. Clinical studies : In a clinical study, Super Pure gave users visibly clearer, more balanced skin. The Super Pure consumer study was conducted by a third-party testing facility and included 30 people between the ages of 18 and 35. They used the product in plain packaging for eight weeks and completed a questionnaire based on their experience. 80% said the product made their skin look smoother after 4 weeks. 80% said their skin looked more even after 4 weeks. 90% said their skin felt more balanced after 6 weeks. 90% said they saw an improvement in skin’s clarity after 8 weeks. Product details: Balancing Purifying Cruelty-free Vegan Dermatologist tested, formulated without fragrance, plays well with all skin types"
Terrazzo Hoodie,7774947967221,"[""//cdn.shopify.com/s/files/1/0627/9164/7477/files/glossier-terrazzo-hoodie-carousel-01.png?v=1762199584"", ""//cdn.shopify.com/s/files/1/0627/9164/7477/files/glossier-terrazzo-hoodie-carousel-02.png?v=1698771384"", ""//cdn.shopify.com/s/files/1/0627/9164/7477/files/glossier-terrazzo-hoodie-carousel-03.png?v=1698771383"", ""//cdn.shopify.com/s/files/1/0627/9164/7477/files/glossier-terrazzo-hoodie-carousel-04.png?v=1698771384"", ""//cdn.shopify.com/s/files/1/0627/9164/7477/files/glossier-terrazzo-hoodie-carousel-05.png?v=1698771383""]",https://www.glossier.com/en-in/products/terrazzo-hoodie,740000,2026-10-02T12:27:48.726473+00:00,"Your holiday hoodie. Extra-plush and cut for a relaxed, slightly oversized fit, our Terrazzo Hoodie is back for a limited time. Like our other hoodies, it features a super-soft, fleecy inside, our signature Glossier logo on the front, and a subtle speckled pattern. Materials : 70% cotton; 30% polyester fleece."
The Beauty Bag,8035305881845,"[""//cdn.shopify.com/s/files/1/0627/9164/7477/products/glossier-beautybag-carousel-01.png?v=1762200238"", ""//cdn.shopify.com/s/files/1/0627/9164/7477/products/glossier-beautybag-carousel-02.png?v=1680189070"", ""//cdn.shopify.com/s/files/1/0627/9164/7477/products/glossier-beautybag-carousel-03.png?v=1680189070"", ""//cdn.shopify.com/s/files/1/0627/9164/7477/products/glossier-beautybag-carousel-06.png?v=1680189070"", ""//cdn.shopify.com/s/files/1/0627/9164/7477/products/glossier-beautybag-carousel-07.png?v=1680189070""]",https://www.glossier.com/en-in/products/the-beauty-bag,510000,2026-10-02T12:27:48.726473+00:00,"Fits all the essentials. This bag is the ultimate home for your beauty routine. It’s tall enough to fit all of your essentials (even full-size skincare!), but still easily slips into your tote. The coated cotton material means you won’t have to worry about spills or splashes, with a removable snap-button interior pouch, and plenty of extra pockets to keep you organized—so you’re never stuck digging for your favorite products. Dimensions : 9.5” x 7” x 3”. Cotton exterior, polyester and rayon interior. Removable interior pouch, soft zip handles, tall enough for bottles to stand upright"
The Brow Kit,8734519099637,"[""//cdn.shopify.com/s/files/1/0627/9164/7477/files/glossier-bba-set-carousel-01a.png?v=1762201401"", ""//cdn.shopify.com/s/files/1/0627/9164/7477/files/glossier-bba-set-carousel-02.png?v=1722353171"", ""//cdn.shopify.com/s/files/1/0627/9164/7477/files/glossier-bba-set-carousel-03.png?v=1722353171"", ""//cdn.shopify.com/s/files/1/0627/9164/7477/files/glossier-bba-set-carousel-04.png?v=1722353171"", ""//cdn.shopify.com/s/files/1/0627/9164/7477/files/glossier-bba-set-carousel-05.png?v=1722353172"", ""//cdn.shopify.com/s/files/1/0627/9164/7477/files/glossier-bba-set-carousel-06.png?v=1722353171"", ""//cdn.shopify.com/s/files/1/0627/9164/7477/files/glossier-bba-set-carousel-07.png?v=1722353171"", ""//cdn.shopify.com/s/files/1/0627/9164/7477/files/glossier-bba-set-carousel-08.png?v=1722353171"", ""//cdn.shopify.com/s/files/1/0627/9164/7477/files/glossier-bba-set-carousel-09.png?v=1722353171"", ""//cdn.shopify.com/s/files/1/0627/9164/7477/files/glossier-bba-set-carousel-10.png?v=1722353171""]",https://www.glossier.com/en-in/products/brow-kit,450000,2026-10-02T12:27:48.726473+00:00,
The Cheek Kit,8262396510453,"[""//cdn.shopify.com/s/files/1/0627/9164/7477/files/glossier-cp-futuredew-carousel-01_1f273112-06ad-4921-993c-9708b319d9da.png?v=1762200976"", ""//cdn.shopify.com/s/files/1/0627/9164/7477/files/glossier-dewy-look-carousel-02.png?v=1749818178"", ""//cdn.shopify.com/s/files/1/0627/9164/7477/files/glossier-dewy-look-carousel-04.png?v=1749818178"", ""//cdn.shopify.com/s/files/1/0627/9164/7477/files/glossier-dewy-look-carousel-05.png?v=1749818178"", ""//cdn.shopify.com/s/files/1/0627/9164/7477/files/glossier-dewy-look-carousel-06.png?v=1749818178"", ""//cdn.shopify.com/s/files/1/0627/9164/7477/files/glossier-dewy-look-carousel-07.png?v=1749818178"", ""//cdn.shopify.com/s/files/1/0627/9164/7477/files/glossier-dewy-look-carousel-08.png?v=1749818178""]",https://www.glossier.com/en-in/products/the-cheek-kit,490000,2026-10-02T12:27:48.726473+00:00,"Futuredew, Cloud Paint, face oil, serum, blush, cheeks, cheek color, gel cream, glow, dewy"
The Curbside Set,9688046076149,"[""//cdn.shopify.com/s/files/1/0627/9164/7477/files/GL-Pink-Capsule-PDP-Dispenser-Bag-Set1.png?v=1779725509"", ""//cdn.shopify.com/s/files/1/0627/9164/7477/files/GL-Pink-Capsule-PDP-Dispenser-Bag-Set2.png?v=1779725509"", ""//cdn.shopify.com/s/files/1/0627/9164/7477/files/GL-Pink-Capsule-PDP-Dispenser-Bag-Set3.png?v=1779725509"", ""//cdn.shopify.com/s/files/1/0627/9164/7477/files/GL-Pink-Capsule-PDP-Dispenser-Bag-Set4.png?v=1779725508"", ""//cdn.shopify.com/s/files/1/0627/9164/7477/files/GL-Pink-Capsule-PDP-Dispenser-Bag-Set5.png?v=1779725509"", ""//cdn.shopify.com/s/files/1/0627/9164/7477/files/GL-Pink-Capsule-PDP-Dispenser-Bag-Set6.png?v=1779725508"", ""//cdn.shopify.com/s/files/1/0627/9164/7477/files/GL-Pink-Capsule-PDP-Dispenser-Bag-Set7.png?v=1779725509"", ""//cdn.shopify.com/s/files/1/0627/9164/7477/files/GL-Pink-Capsule-PDP-Dispenser-Bag-Set8.png?v=1779725509""]",https://www.glossier.com/en-in/products/the-curbside-set,120000,2026-10-02T12:27:48.726473+00:00,
The Face Kit,8096651477237,"[""//cdn.shopify.com/s/files/1/0627/9164/7477/files/glossier-pst-concealer-carousel-01_0dba3ecc-7ff7-4fbe-8bca-35014f8ab94b.png?v=1762200597"", ""//cdn.shopify.com/s/files/1/0627/9164/7477/files/glossier-the-face-kit-carousel-02.png?v=1784310725"", ""//cdn.shopify.com/s/files/1/0627/9164/7477/files/glossier-the-face-kit-carousel-03.png?v=1784310723"", ""//cdn.shopify.com/s/files/1/0627/9164/7477/files/glossier-the-face-kit-carousel-04.png?v=1784310723"", ""//cdn.shopify.com/s/files/1/0627/9164/7477/files/glossier-the-face-kit-carousel-05.png?v=1784310724"", ""//cdn.shopify.com/s/files/1/0627/9164/7477/files/glossier-the-face-kit-carousel-06.png?v=1784310723"", ""//cdn.shopify.com/s/files/1/0627/9164/7477/files/glossier-the-face-kit-carousel-07.png?v=1784310723"", ""//cdn.shopify.com/s/files/1/0627/9164/7477/files/glossier-the-face-kit-carousel-08.png?v=1784310723"", ""//cdn.shopify.com/s/files/1/0627/9164/7477/files/glossier-the-face-kit-carousel-09.png?v=1784310723"", ""//cdn.shopify.com/s/files/1/0627/9164/7477/files/glossier-the-face-kit-carousel-10.png?v=1784310723"", ""//cdn.shopify.com/s/files/1/0627/9164/7477/files/glossier-the-face-kit-carousel-11.png?v=1784310723"", ""//cdn.shopify.com/s/files/1/0627/9164/7477/files/glossier-pst-carousel-08.png?v=1714506015"", ""//cdn.shopify.com/s/files/1/0627/9164/7477/files/glossier-pst-carousel-09.png?v=1714506015"", ""//cdn.shopify.com/s/files/1/0627/9164/7477/files/glossier-the-face-kit-carousel-14.png?v=1784310723""]",https://www.glossier.com/en-in/products/the-face-kit,540000,2026-10-02T12:27:48.726473+00:00,"foundation, skin tint, buildable foundation, sheer foundation, dewy foundation, concealer, light concealer, sheer concealer, buildable concealer"
The Glossier Icons,9763083223285,"[""//cdn.shopify.com/s/files/1/0627/9164/7477/files/glossier-the-glossier-icons-carousel-01_6591b3e2-4bc4-4f80-bfd8-a821163caeba.png?v=1784305216"", ""//cdn.shopify.com/s/files/1/0627/9164/7477/files/glossier-the-glossier-icons-carousel-02_a6a1b333-6c5c-4519-8c35-1fe95452af72.png?v=1784305217"", ""//cdn.shopify.com/s/files/1/0627/9164/7477/files/glossier-the-glossier-icons-carousel-03_5b0b02a6-c8b3-4aae-aa73-5ef6fa026738.png?v=1784305216"", ""//cdn.shopify.com/s/files/1/0627/9164/7477/files/glossier-the-glossier-icons-carousel-04_954aae0c-5779-4d4e-8868-9e4266b6c1a9.png?v=1784305217"", ""//cdn.shopify.com/s/files/1/0627/9164/7477/files/glossier-the-glossier-icons-carousel-05_adb46d92-c9dd-4224-a979-6e48e99707a8.png?v=1784305216"", ""//cdn.shopify.com/s/files/1/0627/9164/7477/files/glossier-the-glossier-icons-carousel-06_8b23a8f4-b293-4210-875a-4707bac72c7a.png?v=1784305216"", ""//cdn.shopify.com/s/files/1/0627/9164/7477/files/glossier-the-glossier-icons-carousel-07_60840dcb-fe59-40e2-a436-c3aaf68a2d62.png?v=1784305216"", ""//cdn.shopify.com/s/files/1/0627/9164/7477/files/glossier-the-glossier-icons-carousel-08_e981b55c-f19a-4c39-8ba2-84c9208c4293.png?v=1784305216"", ""//cdn.shopify.com/s/files/1/0627/9164/7477/files/glossier-the-glossier-icons-carousel-09_c25e35ac-dde6-4959-8775-acb60b1510d1.png?v=1784305216"", ""//cdn.shopify.com/s/files/1/0627/9164/7477/files/glossier-the-glossier-icons-carousel-10_e5a8876a-6804-4b4f-a686-ba4f99abb782.png?v=1784305216"", ""//cdn.shopify.com/s/files/1/0627/9164/7477/files/glossier-the-glossier-icons-carousel-11_6daea9c5-5fc3-4a7c-920c-6ebdb2e1ddeb.png?v=1784305217"", ""//cdn.shopify.com/s/files/1/0627/9164/7477/files/glossier-the-glossier-icons-carousel-12_85112df8-eb1d-45dc-879d-b3603a93703d.png?v=1784305217""]",https://www.glossier.com/en-in/products/the-glossier-icons,740000,2026-10-02T12:27:48.726473+00:00,
The Glossier You Routine,9110245540085,"[""//cdn.shopify.com/s/files/1/0627/9164/7477/files/glossier-cremedeyou-you-edp-carousel-01.png?v=1762268500"", ""//cdn.shopify.com/s/files/1/0627/9164/7477/files/glossier-CDY_50YOU-carousel-02.png?v=1747669929"", ""//cdn.shopify.com/s/files/1/0627/9164/7477/files/glossier-CDY_50YOU-carousel-03.png?v=1747669929"", ""//cdn.shopify.com/s/files/1/0627/9164/7477/files/glossier-CDY_50YOU-carousel-04.png?v=1747669929"", ""//cdn.shopify.com/s/files/1/0627/9164/7477/files/glossier-CDY_50YOU-carousel-05.png?v=1747669929"", ""//cdn.shopify.com/s/files/1/0627/9164/7477/files/glossier-CDY_50YOU-carousel-06.png?v=1747669929"", ""//cdn.shopify.com/s/files/1/0627/9164/7477/files/glossier-CDY_50YOU-carousel-07.png?v=1747669929"", ""//cdn.shopify.com/s/files/1/0627/9164/7477/files/glossier-CDY_50YOU-carousel-08.png?v=1747669929"", ""//cdn.shopify.com/s/files/1/0627/9164/7477/files/glossier-CDY_50YOU-carousel-09.png?v=1747669929"", ""//cdn.shopify.com/s/files/1/0627/9164/7477/files/glossier-CDY_50YOU-carousel-10.png?v=1747669929""]",https://www.glossier.com/en-in/products/glossier-you-routine,1040000,2026-10-02T12:27:48.726473+00:00,
The Lip Kit,9011109789941,"[""//cdn.shopify.com/s/files/1/0627/9164/7477/files/glossier-ultralip-lipline-carousel-01.png?v=1762201827"", ""//cdn.shopify.com/s/files/1/0627/9164/7477/files/glossier-ultralip-lipline-carousel-03.png?v=1738610316"", ""//cdn.shopify.com/s/files/1/0627/9164/7477/files/glossier-ultralip-lipline-carousel-04.png?v=1738610316"", ""//cdn.shopify.com/s/files/1/0627/9164/7477/files/glossier-ultralip-lipline-carousel-05.png?v=1738610316"", ""//cdn.shopify.com/s/files/1/0627/9164/7477/files/glossier-ultralip-lipline-carousel-06.png?v=1738610316"", ""//cdn.shopify.com/s/files/1/0627/9164/7477/files/glossier-ultralip-lipline-carousel-07.png?v=1738610316"", ""//cdn.shopify.com/s/files/1/0627/9164/7477/files/glossier-ultralip-lipline-carousel-08.png?v=1738610316"", ""//cdn.shopify.com/s/files/1/0627/9164/7477/files/glossier-ultralip-lipline-carousel-09.png?v=1738610316"", ""//cdn.shopify.com/s/files/1/0627/9164/7477/files/glossier-ultralip-lipline-carousel-10.png?v=1738610316"", ""//cdn.shopify.com/s/files/1/0627/9164/7477/files/glossier-ultralip-lipline-carousel-11.png?v=1738610316""]",https://www.glossier.com/en-in/products/lip-kit,390000,2026-10-02T12:27:48.726473+00:00,Glossier Glossier Lip Liner Glossier Lip Line Lip Line Ultralip Lip Liner Natural Lip Liner Natural Lip Products Nude Lips Glossier Lipstick Lipstick
The No-Makeup Makeup Kit,9720429347061,"[""//cdn.shopify.com/s/files/1/0627/9164/7477/files/glossier-nomakeupmakeup-carousel-01.png?v=1782223725"", ""//cdn.shopify.com/s/files/1/0627/9164/7477/files/glossier-0804-nomakeupmakeup-carousel-02.png?v=1785860978"", ""//cdn.shopify.com/s/files/1/0627/9164/7477/files/glossier-nomakeupmakeup-carousel-03.png?v=1782223726"", ""//cdn.shopify.com/s/files/1/0627/9164/7477/files/glossier-nomakeupmakeup-carousel-04.png?v=1782223726"", ""//cdn.shopify.com/s/files/1/0627/9164/7477/files/glossier-nomakeupmakeup-carousel-05.png?v=1782223726"", ""//cdn.shopify.com/s/files/1/0627/9164/7477/files/glossier-nomakeupmakeup-carousel-06.png?v=1782223726"", ""//cdn.shopify.com/s/files/1/0627/9164/7477/files/glossier-nomakeupmakeup-carousel-07.png?v=1782223727"", ""//cdn.shopify.com/s/files/1/0627/9164/7477/files/glossier-nomakeupmakeup-carousel-08.png?v=1782223726"", ""//cdn.shopify.com/s/files/1/0627/9164/7477/files/glossier-nomakeupmakeup-carousel-09.png?v=1782223726"", ""//cdn.shopify.com/s/files/1/0627/9164/7477/files/glossier-nomakeupmakeup-carousel-10.png?v=1782223726"", ""//cdn.shopify.com/s/files/1/0627/9164/7477/files/glossier-nomakeupmakeup-carousel-11.png?v=1782223726""]",https://www.glossier.com/en-in/products/the-no-makeup-makeup-kit,620000,2026-10-02T12:27:48.726473+00:00,"Your shortcut to looking like the best version of yourself. The No-Makeup Makeup Kit pairs three everyday icons: Lash Slick for long, defined lashes that won’t budge, Boy Brow for soft, fluffy brows with flexible hold, and Stretch Balm Concealer for medium, dewy coverage wherever you want it. Together, they create a fresh-faced look that enhances, never hides."
Three Eyed Smiley Mug,8878914076917,"[""//cdn.shopify.com/s/files/1/0627/9164/7477/files/glossier-mug-carousel-01.png?v=1762201666"", ""//cdn.shopify.com/s/files/1/0627/9164/7477/files/glossier-mug-carousel-02.png?v=1731003648"", ""//cdn.shopify.com/s/files/1/0627/9164/7477/files/glossier-mug-carousel-03.png?v=1731003648"", ""//cdn.shopify.com/s/files/1/0627/9164/7477/files/glossier-mug-carousel-04.png?v=1731003648"", ""//cdn.shopify.com/s/files/1/0627/9164/7477/files/glossier-mug-carousel-05.png?v=1731003648"", ""//cdn.shopify.com/s/files/1/0627/9164/7477/files/glossier-mug-carousel-06.png?v=1731003648""]",https://www.glossier.com/en-in/products/three-eyed-smiley-mug,210000,2026-10-02T12:27:48.726473+00:00,"Sip on happiness. Enjoy a sip of instant joy with this stackable Glossier pink ceramic mug, featuring our logo and Three Eyed Smiley. Ideal for tea, coffee or storing your favorite makeup products! Care : Hand wash recommended. Materials : Ceramic material. Made in China."
Travel Spray + Balm,9673208594677,"[""//cdn.shopify.com/s/files/1/0627/9164/7477/files/glossier-you-flexsets-BDC-8ml-duo-2-01.jpg?v=1780410379"", ""//cdn.shopify.com/s/files/1/0627/9164/7477/files/travel-spray-balm-gif-02.gif?v=1780410388""]",https://www.glossier.com/en-in/products/travel-spray-balm,,2026-10-02T12:27:48.726473+00:00,The ultimate on-the-go duo: Balm Dotcom for instant nourishment and Glossier You Travel Spray for fragrance touch-ups. Ideal for any handbag or makeup bag.
Ultralip,8983877845237,"[""//cdn.shopify.com/s/files/1/0627/9164/7477/files/glossier-makeup-ultralip-catchet-carousel-01.png?v=1762200271"", ""//cdn.shopify.com/s/files/1/0627/9164/7477/products/glossier-ultralip-catchet-carousel-02.png?v=1739298528"", ""//cdn.shopify.com/s/files/1/0627/9164/7477/products/glossier-ultralip-catchet-carousel-03.png?v=1739298528"", ""//cdn.shopify.com/s/files/1/0627/9164/7477/products/glossier-ultralip-catchet-carousel-04.png?v=1739298528"", ""//cdn.shopify.com/s/files/1/0627/9164/7477/products/glossier-ultralip-catchet-carousel-05.png?v=1739298528"", ""//cdn.shopify.com/s/files/1/0627/9164/7477/files/glossier-ultralip-cachet-carousel-06.png?v=1739298528"", ""//cdn.shopify.com/s/files/1/0627/9164/7477/products/glossier-ultralip-catchet-carousel-07.png?v=1739298528"", ""//cdn.shopify.com/s/files/1/0627/9164/7477/files/glossier-ultralip-cachet-08_8e790c27-039a-4e50-95e2-3bd73da7dade.png?v=1739298528"", ""//cdn.shopify.com/s/files/1/0627/9164/7477/products/glossier-ultralip-coupe-carousel-02.png?v=1739298528"", ""//cdn.shopify.com/s/files/1/0627/9164/7477/products/glossier-ultralip-coupe-carousel-03.png?v=1739298528"", ""//cdn.shopify.com/s/files/1/0627/9164/7477/products/glossier-ultralip-coupe-carousel-04.png?v=1739298528"", ""//cdn.shopify.com/s/files/1/0627/9164/7477/products/glossier-ultralip-coupe-carousel-05.png?v=1739298528"", ""//cdn.shopify.com/s/files/1/0627/9164/7477/files/glossier-ultralip-coupe-carousel-6.png?v=1739298528"", ""//cdn.shopify.com/s/files/1/0627/9164/7477/products/glossier-ultralip-coupe-carousel-07.png?v=1739298528"", ""//cdn.shopify.com/s/files/1/0627/9164/7477/files/glossier-ultralip-coupe-08_eb454bb4-9b91-48f3-b2df-fac8e22d0ab7.png?v=1739298528"", ""//cdn.shopify.com/s/files/1/0627/9164/7477/files/glossier-makeup-ultralip-ember-carousel-01.png?v=1739298528"", ""//cdn.shopify.com/s/files/1/0627/9164/7477/products/glossier-ultralip-ember-carousel-02.png?v=1739298528"", ""//cdn.shopify.com/s/files/1/0627/9164/7477/products/glossier-ultralip-ember-carousel-03.png?v=1739298528"", ""//cdn.shopify.com/s/files/1/0627/9164/7477/products/glossier-ultralip-ember-carousel-04.png?v=1739298528"", ""//cdn.shopify.com/s/files/1/0627/9164/7477/products/glossier-ultralip-ember-carousel-05.png?v=1739298528"", ""//cdn.shopify.com/s/files/1/0627/9164/7477/products/glossier-ultralip-ember-carousel-07.png?v=1739298528"", ""//cdn.shopify.com/s/files/1/0627/9164/7477/files/glossier-ultralip-ember-carousel-8.png?v=1739298528"", ""//cdn.shopify.com/s/files/1/0627/9164/7477/files/glossier-ultralip-ember-09_e773b4a2-4fb2-4686-a7c3-4817e97528a4.png?v=1739298528"", ""//cdn.shopify.com/s/files/1/0627/9164/7477/products/glossier-ultralip-fete-carousel-02.png?v=1739298528"", ""//cdn.shopify.com/s/files/1/0627/9164/7477/products/glossier-ultralip-fete-carousel-03.png?v=1739298528"", ""//cdn.shopify.com/s/files/1/0627/9164/7477/products/glossier-ultralip-fete-carousel-04.png?v=1739298528"", ""//cdn.shopify.com/s/files/1/0627/9164/7477/products/glossier-ultralip-fete-carousel-06.png?v=1739298528"", ""//cdn.shopify.com/s/files/1/0627/9164/7477/products/glossier-ultralip-fete-carousel-08.png?v=1739298528"", ""//cdn.shopify.com/s/files/1/0627/9164/7477/files/glossier-makeup-ultralip-lucite-carousel-01.png?v=1739298528"", ""//cdn.shopify.com/s/files/1/0627/9164/7477/products/glossier-ultralip-lucite-carousel-02.png?v=1739298528"", ""//cdn.shopify.com/s/files/1/0627/9164/7477/products/glossier-ultralip-lucite-carousel-03.png?v=1739298528"", ""//cdn.shopify.com/s/files/1/0627/9164/7477/products/glossier-ultralip-lucite-carousel-04.png?v=1739298528"", ""//cdn.shopify.com/s/files/1/0627/9164/7477/products/glossier-ultralip-lucite-carousel-06.png?v=1739298528"", ""//cdn.shopify.com/s/files/1/0627/9164/7477/products/glossier-ultralip-lucite-carousel-07.png?v=1739298528"", ""//cdn.shopify.com/s/files/1/0627/9164/7477/files/glossier-ultralip-lucite-08_d9092d49-2789-4141-8ecb-d296308b36f2.png?v=1739298528"", ""//cdn.shopify.com/s/files/1/0627/9164/7477/files/glossier-makeup-ultralip-portrait-carousel-01.png?v=1739298528"", ""//cdn.shopify.com/s/files/1/0627/9164/7477/products/glossier-ultralip-portrait-carousel-02.png?v=1739298528"", ""//cdn.shopify.com/s/files/1/0627/9164/7477/products/glossier-ultralip-portrait-carousel-03.png?v=1739298528"", ""//cdn.shopify.com/s/files/1/0627/9164/7477/products/glossier-ultralip-portrait-carousel-04.png?v=1739298528"", ""//cdn.shopify.com/s/files/1/0627/9164/7477/products/glossier-ultralip-portrait-carousel-05.png?v=1739298528"", ""//cdn.shopify.com/s/files/1/0627/9164/7477/products/glossier-ultralip-portrait-carousel-06.png?v=1739298528"", ""//cdn.shopify.com/s/files/1/0627/9164/7477/files/glossier-ultralip-portrait-carousel-07_2c0fa6f0-df25-4cc8-abb8-d3a2e6502ca9.png?v=1739298528"", ""//cdn.shopify.com/s/files/1/0627/9164/7477/products/glossier-ultralip-portrait-carousel-08.png?v=1739298528"", ""//cdn.shopify.com/s/files/1/0627/9164/7477/files/glossier-ultralip-portrait-09_8c331cb4-e93c-4faa-9d2d-167e2c8a7eda.png?v=1739298528"", ""//cdn.shopify.com/s/files/1/0627/9164/7477/products/glossier-ultralip-trench-carousel-02.png?v=1739298528"", ""//cdn.shopify.com/s/files/1/0627/9164/7477/products/glossier-ultralip-trench-carousel-03.png?v=1739298528"", ""//cdn.shopify.com/s/files/1/0627/9164/7477/products/glossier-ultralip-trench-carousel-04.png?v=1739298528"", ""//cdn.shopify.com/s/files/1/0627/9164/7477/files/glossier-ultralip-trench-carousel-06_d9f0e554-1dff-4986-bf0f-9d481e09d393.png?v=1739298528"", ""//cdn.shopify.com/s/files/1/0627/9164/7477/products/glossier-ultralip-trench-carousel-05.png?v=1739298528"", ""//cdn.shopify.com/s/files/1/0627/9164/7477/products/glossier-ultralip-trench-carousel-07.png?v=1739298528"", ""//cdn.shopify.com/s/files/1/0627/9164/7477/files/glossier-ultralip-trench-08_2d7a98c2-4acb-40ba-b998-471629a4f559.png?v=1739298528"", ""//cdn.shopify.com/s/files/1/0627/9164/7477/products/glossier-ultralip-vesper-carousel-02.png?v=1739298528"", ""//cdn.shopify.com/s/files/1/0627/9164/7477/products/glossier-ultralip-vesper-carousel-03.png?v=1739298528"", ""//cdn.shopify.com/s/files/1/0627/9164/7477/products/glossier-ultralip-vesper-carousel-04.png?v=1739298528"", ""//cdn.shopify.com/s/files/1/0627/9164/7477/products/glossier-ultralip-vesper-carousel-05.png?v=1739298528"", ""//cdn.shopify.com/s/files/1/0627/9164/7477/products/glossier-ultralip-vesper-carousel-06.png?v=1739298528"", ""//cdn.shopify.com/s/files/1/0627/9164/7477/products/glossier-ultralip-vesper-carousel-07.png?v=1739298528"", ""//cdn.shopify.com/s/files/1/0627/9164/7477/products/glossier-ultralip-vesper-carousel-08.png?v=1739298528"", ""//cdn.shopify.com/s/files/1/0627/9164/7477/products/glossier-ultralip-vesper-carousel-09.png?v=1739298528"", ""//cdn.shopify.com/s/files/1/0627/9164/7477/files/glossier-ultralip-vesper-10_27e6fd1b-f375-48cd-9e7a-766968c748ba.png?v=1739298528"", ""//cdn.shopify.com/s/files/1/0627/9164/7477/files/glossier-makeup-ultralip-villa-carousel-01.png?v=1739298528"", ""//cdn.shopify.com/s/files/1/0627/9164/7477/products/glossier-ultralip-villa-carousel-02.png?v=1739298528"", ""//cdn.shopify.com/s/files/1/0627/9164/7477/products/glossier-ultralip-villa-carousel-03.png?v=1739298528"", ""//cdn.shopify.com/s/files/1/0627/9164/7477/products/glossier-ultralip-villa-carousel-04.png?v=1739298528"", ""//cdn.shopify.com/s/files/1/0627/9164/7477/products/glossier-ultralip-villa-carousel-05.png?v=1739298528"", ""//cdn.shopify.com/s/files/1/0627/9164/7477/products/glossier-ultralip-villa-carousel-06.png?v=1739298528"", ""//cdn.shopify.com/s/files/1/0627/9164/7477/products/glossier-ultralip-villa-carousel-07.png?v=1739298528"", ""//cdn.shopify.com/s/files/1/0627/9164/7477/products/glossier-ultralip-villa-carousel-08.png?v=1739298528"", ""//cdn.shopify.com/s/files/1/0627/9164/7477/files/glossier-ultralip-villa-09_825e1557-b6ff-4355-8004-0fb2815974f9.png?v=1739298528"", ""//cdn.shopify.com/s/files/1/0627/9164/7477/files/glossier-makeup-ultralip-pony-carousel-01.png?v=1739298528"", ""//cdn.shopify.com/s/files/1/0627/9164/7477/files/glossier-ultralip-pony-carousel-02.png?v=1739298528"", ""//cdn.shopify.com/s/files/1/0627/9164/7477/files/glossier-ultralip-pony-carousel-03.png?v=1739298528"", ""//cdn.shopify.com/s/files/1/0627/9164/7477/files/glossier-ultralip-pony-carousel-04.png?v=1739298528"", ""//cdn.shopify.com/s/files/1/0627/9164/7477/files/glossier-ultralip-pony-carousel-05.png?v=1739298528"", ""//cdn.shopify.com/s/files/1/0627/9164/7477/files/glossier-ultralip-pony-carousel-06.png?v=1739298528"", ""//cdn.shopify.com/s/files/1/0627/9164/7477/files/glossier-ultralip-pony-07_9f9b6e93-b460-4318-be4b-552aed669f5a.png?v=1739298528"", ""//cdn.shopify.com/s/files/1/0627/9164/7477/files/glossier-ultralip-pony-carousel-08.png?v=1739298528"", ""//cdn.shopify.com/s/files/1/0627/9164/7477/files/glossier-ultralip-pony-carousel-09.png?v=1739298528"", ""//cdn.shopify.com/s/files/1/0627/9164/7477/files/glossier-makeup-ultralip-cranberry-carousel-01.png?v=1739298528"", ""//cdn.shopify.com/s/files/1/0627/9164/7477/files/glossier-ultralip-cranberry-carousel-02.png?v=1739298528"", ""//cdn.shopify.com/s/files/1/0627/9164/7477/files/glossier-ultralip-cranberry-carousel-03.png?v=1739298528"", ""//cdn.shopify.com/s/files/1/0627/9164/7477/files/glossier-ultralip-cranberry-carousel-04.png?v=1739298528"", ""//cdn.shopify.com/s/files/1/0627/9164/7477/files/glossier-ultralip-cranberry-carousel-05.png?v=1739298528"", ""//cdn.shopify.com/s/files/1/0627/9164/7477/files/glossier-ultralip-cranberry-carousel-06.png?v=1739298528"", ""//cdn.shopify.com/s/files/1/0627/9164/7477/files/glossier-ultralip-cranberry-07_5d5282a1-682d-48f1-b63f-0c9cb5093f5e.png?v=1739298528"", ""//cdn.shopify.com/s/files/1/0627/9164/7477/files/glossier-ultralip-cranberry-carousel-08.png?v=1739298528"", ""//cdn.shopify.com/s/files/1/0627/9164/7477/files/glossier-ultralip-cranberry-carousel-09.png?v=1739298528"", ""//cdn.shopify.com/s/files/1/0627/9164/7477/files/glossier-ultralip-cranberry-carousel-10.png?v=1739298528"", ""//cdn.shopify.com/s/files/1/0627/9164/7477/files/glossier-ultralip-cranberry-carousel-11.png?v=1739298528"", ""//cdn.shopify.com/s/files/1/0627/9164/7477/files/glossier-ultralip-flute-carousel-01.png?v=1739298528"", ""//cdn.shopify.com/s/files/1/0627/9164/7477/files/glossier-ultralip-flute-carousel-02.png?v=1739298528"", ""//cdn.shopify.com/s/files/1/0627/9164/7477/files/glossier-ultralip-flute-carousel-03.png?v=1739298528"", ""//cdn.shopify.com/s/files/1/0627/9164/7477/files/glossier-ultralip-flute-carousel-04.png?v=1739298528"", ""//cdn.shopify.com/s/files/1/0627/9164/7477/files/glossier-ultralip-flute-carousel-05.png?v=1739298528"", ""//cdn.shopify.com/s/files/1/0627/9164/7477/files/glossier-ultralip-flute-carousel-06.png?v=1739298528"", ""//cdn.shopify.com/s/files/1/0627/9164/7477/files/glossier-ultralip-flute-08_7cc65df7-d411-4265-bea6-4afcf68064bc.png?v=1739298528"", ""//cdn.shopify.com/s/files/1/0627/9164/7477/files/glossier-ultralip-flute-carousel-09.png?v=1739298528"", ""//cdn.shopify.com/s/files/1/0627/9164/7477/files/glossier-ultralip-flute-carousel-10.png?v=1739298528"", ""//cdn.shopify.com/s/files/1/0627/9164/7477/files/glossier-ultralip-flute-carousel-11.png?v=1739298528"", ""//cdn.shopify.com/s/files/1/0627/9164/7477/files/glossier-ultralip-crest-carousel-01.png?v=1739298528"", ""//cdn.shopify.com/s/files/1/0627/9164/7477/files/glossier-ultralip-crest-carousel-02.png?v=1739298528"", ""//cdn.shopify.com/s/files/1/0627/9164/7477/files/glossier-ultralip-crest-carousel-03.png?v=1739298528"", ""//cdn.shopify.com/s/files/1/0627/9164/7477/files/glossier-ultralip-crest-carousel-04.png?v=1739298528"", ""//cdn.shopify.com/s/files/1/0627/9164/7477/files/glossier-ultralip-crest-carousel-06.png?v=1739298528"", ""//cdn.shopify.com/s/files/1/0627/9164/7477/files/glossier-ultralip-crest-carousel-07.png?v=1739298528"", ""//cdn.shopify.com/s/files/1/0627/9164/7477/files/glossier-ultralip-crest-carousel-08.png?v=1739298528"", ""//cdn.shopify.com/s/files/1/0627/9164/7477/files/glossier-ultralip-crest-carousel-09.png?v=1739298528"", ""//cdn.shopify.com/s/files/1/0627/9164/7477/files/glossier-ultralip-crest-10_3203373a-f4d5-43f1-a1c5-d6de997e8c34.png?v=1739298528"", ""//cdn.shopify.com/s/files/1/0627/9164/7477/files/glossier-ultralip-crest-carousel-11.png?v=1739298528"", ""//cdn.shopify.com/s/files/1/0627/9164/7477/files/glossier-ultralip-cachet-09.png?v=1739298864"", ""//cdn.shopify.com/s/files/1/0627/9164/7477/files/glossier-ultralip-coupe-09.png?v=1739298864"", ""//cdn.shopify.com/s/files/1/0627/9164/7477/files/glossier-ultralip-cranberry-11.png?v=1739298864"", ""//cdn.shopify.com/s/files/1/0627/9164/7477/files/glossier-ultralip-crest-12.png?v=1739298864"", ""//cdn.shopify.com/s/files/1/0627/9164/7477/files/glossier-ultralip-ember-10.png?v=1739298864"", ""//cdn.shopify.com/s/files/1/0627/9164/7477/files/glossier-ultralip-fete-09.png?v=1739298864"", ""//cdn.shopify.com/s/files/1/0627/9164/7477/files/glossier-ultralip-flute-12.png?v=1739298864"", ""//cdn.shopify.com/s/files/1/0627/9164/7477/files/glossier-ultralip-lucite-09.png?v=1739298864"", ""//cdn.shopify.com/s/files/1/0627/9164/7477/files/glossier-ultralip-pony-13.png?v=1739298864"", ""//cdn.shopify.com/s/files/1/0627/9164/7477/files/glossier-ultralip-portrait-10.png?v=1739298864"", ""//cdn.shopify.com/s/files/1/0627/9164/7477/files/glossier-ultralip-trench-09.png?v=1739298864"", ""//cdn.shopify.com/s/files/1/0627/9164/7477/files/glossier-ultralip-vesper-11.png?v=1739298864"", ""//cdn.shopify.com/s/files/1/0627/9164/7477/files/glossier-ultralip-villa-10.png?v=1739298864""]",https://www.glossier.com/en-in/products/ultralip,250000,2026-10-02T12:27:48.726473+00:00,"The (cashmere) sweatpants of lipstick . Cocoon your lips with this luxe, one-step lipstick. Formulated with the rich moisture of a balm, the sheen of a gloss and the buildable color of a lip tint, this staple is bound to be your new obsession. Key ingredients: A nourishing triple-oil blend—Meadowfoam, Jojoba, and Watermelon—locks in moisture so lips feel pillowy soft and quenched. Meadowfoam Seed Oil : A botanical oil (an excellent source of fatty acids and antioxidants) that helps soften lips, locks in moisture, and provides a smooth glide that feels pillowy and nourishing. Watermelon Seed Oil : A nutritional powerhouse packed with vitamins and fatty acids for conditioning and care. Jojoba Seed Oil : A highly emollient, gloss-enhancing oil that forms an occlusive conditioning layer for a smoothing and softening effect. 4HA : This unique blend of four different molecular weights of Hyaluronic Acid is known to provide hydration benefits by drawing in moisture. Product details : Dermatologist-tested, vegan, cruelty-free,formulat Buildable Conditioning Enhancing"
Ultralip Duo,9011101597941,"[""//cdn.shopify.com/s/files/1/0627/9164/7477/files/glossier-ultralip-duo-carousel-01.png?v=1762201827"", ""//cdn.shopify.com/s/files/1/0627/9164/7477/files/glossier-ultralip-duo-carousel-02.png?v=1738176947"", ""//cdn.shopify.com/s/files/1/0627/9164/7477/files/glossier-ultralip-duo-carousel-03.png?v=1738176947"", ""//cdn.shopify.com/s/files/1/0627/9164/7477/files/glossier-ultralip-duo-carousel-04.png?v=1738176947"", ""//cdn.shopify.com/s/files/1/0627/9164/7477/files/glossier-ultralip-duo-carousel-05.png?v=1738176947"", ""//cdn.shopify.com/s/files/1/0627/9164/7477/files/glossier-ultralip-duo-carousel-06.png?v=1738176948"", ""//cdn.shopify.com/s/files/1/0627/9164/7477/files/glossier-ultralip-duo-carousel-07.png?v=1738176947"", ""//cdn.shopify.com/s/files/1/0627/9164/7477/files/glossier-ultralip-duo-carousel-08.png?v=1738176947"", ""//cdn.shopify.com/s/files/1/0627/9164/7477/files/glossier-ultralip-duo-carousel-09.png?v=1738176947""]",https://www.glossier.com/en-in/products/ultralip-duo,450000,2026-10-02T12:27:48.726473+00:00,Ultralip Glossier Lipstick Lip tint Lip balm Lip gloss Tinted lip balm
Wavy Tray,8784198795509,"[""//cdn.shopify.com/s/files/1/0627/9164/7477/files/glossier-wavytray-carousel-01.png?v=1762201533"", ""//cdn.shopify.com/s/files/1/0627/9164/7477/files/glossier-wavytray-carousel-02.png?v=1727281449"", ""//cdn.shopify.com/s/files/1/0627/9164/7477/files/glossier-wavytray-carousel-03.png?v=1727281449"", ""//cdn.shopify.com/s/files/1/0627/9164/7477/files/glossier-wavytray-carousel-04.png?v=1727281449"", ""//cdn.shopify.com/s/files/1/0627/9164/7477/files/glossier-wavytray-carousel-05.png?v=1727281448"", ""//cdn.shopify.com/s/files/1/0627/9164/7477/files/glossier-wavytray-carousel-ube-01.png?v=1727281518"", ""//cdn.shopify.com/s/files/1/0627/9164/7477/files/glossier-wavytray-carousel-ube-02.png?v=1727281518"", ""//cdn.shopify.com/s/files/1/0627/9164/7477/files/glossier-wavytray-ube-carousel-03.png?v=1727281518"", ""//cdn.shopify.com/s/files/1/0627/9164/7477/files/glossier-wavytray-carousel-ube-04.png?v=1727281518"", ""//cdn.shopify.com/s/files/1/0627/9164/7477/files/glossier-wavytray-carousel-ube-05.png?v=1727281518"", ""//cdn.shopify.com/s/files/1/0627/9164/7477/files/glossier-wavytray-carousel-blush-ube-01.png?v=1727281696"", ""//cdn.shopify.com/s/files/1/0627/9164/7477/files/glossier-wavytray-carousel-blush-ube-02.png?v=1727281696"", ""//cdn.shopify.com/s/files/1/0627/9164/7477/files/glossier-wavytray-carousel-blush-03.png?v=1727281696"", ""//cdn.shopify.com/s/files/1/0627/9164/7477/files/glossier-wavytray-carousel-blush-ube-04.png?v=1727281696"", ""//cdn.shopify.com/s/files/1/0627/9164/7477/files/glossier-wavytray-carousel-blush-ube-05.png?v=1727281696""]",https://www.glossier.com/en-in/products/wavy-tray,230000,2026-10-02T12:27:48.726473+00:00,"From our space, to your place. Bring a bit of our world to yours with this 10th anniversary exclusive acrylic tray. A beloved staple from our stores, it’s perfect for displaying your makeup or holding your favorite cleansing bar. Size : 3.98 L X 3.23 W X 0.63 H Materials : 100% Cast Resin. Made in China."
You + You Travel Spray,8349789815029,"[""//cdn.shopify.com/s/files/1/0627/9164/7477/files/glossier-you50ml-you8ml-carousel-01.png?v=1774466765"", ""//cdn.shopify.com/s/files/1/0627/9164/7477/files/glossier-product-you-duo-carousel-02_86600e99-8058-459e-9a07-300b3e16f6df.png?v=1774466765"", ""//cdn.shopify.com/s/files/1/0627/9164/7477/files/glossier-product-you-duo-carousel-03_26b2f842-5086-473e-af7c-3f80968d2a2c.png?v=1774466765"", ""//cdn.shopify.com/s/files/1/0627/9164/7477/files/glossier-product-you-duo-carousel-04_1a1199fa-07d3-40e8-b485-8d6db522b3cc.png?v=1774466765"", ""//cdn.shopify.com/s/files/1/0627/9164/7477/files/glossier-product-you-duo-carousel-05_dc1a93b2-ff02-4fbe-b689-0b219fb72080.png?v=1774466765"", ""//cdn.shopify.com/s/files/1/0627/9164/7477/files/glossier-product-you-duo-carousel-05_4d57dc8c-353e-4560-a672-cedc9be10166.png?v=1774466765""]",https://www.glossier.com/en-in/products/more-of-you-duo,1100000,2026-10-02T12:27:48.726473+00:00,"Glossier You is a skin-scent enhancer that wears close to skin and true to you. Share one, keep one, or claim them both. Your secret’s safe with us. Mainly made up of base notes, Glossier you. lets more of you shine through. Key ingredients: Pink Pepper: Spicy, sparkling, bright Iris: Earthy, floral, woody Ambrette Seeds: Comfy, warm, sweet Ambrox: Smooth, salty, animalic Cruelty-free, vegan"
You Look Good Collar,9677651181813,"[""//cdn.shopify.com/s/files/1/0627/9164/7477/files/GL-Pink-Capsule-PDP-Collar1.jpg?v=1779724247"", ""//cdn.shopify.com/s/files/1/0627/9164/7477/files/GL-Pink-Capsule-PDP-Collar2.jpg?v=1779724247"", ""//cdn.shopify.com/s/files/1/0627/9164/7477/files/GL-Pink-Capsule-PDP-Collar3.jpg?v=1779724247"", ""//cdn.shopify.com/s/files/1/0627/9164/7477/files/GL-Pink-Capsule-PDP-Collar4.jpg?v=1779724247"", ""//cdn.shopify.com/s/files/1/0627/9164/7477/files/GL-Pink-Capsule-PDP-Collar5.jpg?v=1779724247"", ""//cdn.shopify.com/s/files/1/0627/9164/7477/files/GL-Pink-Capsule-PDP-Collar6.jpg?v=1779724249"", ""//cdn.shopify.com/s/files/1/0627/9164/7477/files/GL-Pink-Capsule-PDP-Collar7.jpg?v=1779724247"", ""//cdn.shopify.com/s/files/1/0627/9164/7477/files/GL-Pink-Capsule-PDP-Collar8.jpg?v=1779724247"", ""//cdn.shopify.com/s/files/1/0627/9164/7477/files/GL-Pink-Capsule-PDP-Collar9.jpg?v=1779724247"", ""//cdn.shopify.com/s/files/1/0627/9164/7477/files/GL-Pink-Capsule-PDP-Collar10.jpg?v=1779724247""]",https://www.glossier.com/en-in/products/you-look-good-collar,170000,2026-10-02T12:27:48.726473+00:00,"A timeless piece for your furry friend. Designed to match our You Look Good Leash, this stylish, sturdy, and adjustable limited edition collar is made for the dog (or cat!) you love doing life with. Wrapped in an all-over“You Look Good” mantra print, it brings a little extra charm to their daily lives—at home, on the couch and out in the world. Finished with a secure-locking buckle for peace of mind, so they can do their thing and you don’t have to think twice about it. Materials : Polyamide (Nylon)"
You Look Good Leash,9677642465525,"[""//cdn.shopify.com/s/files/1/0627/9164/7477/files/GL-Pink-Capsule-PDP-Leash1.jpg?v=1779723866"", ""//cdn.shopify.com/s/files/1/0627/9164/7477/files/GL-Pink-Capsule-PDP-Leash2.jpg?v=1779723866"", ""//cdn.shopify.com/s/files/1/0627/9164/7477/files/GL-Pink-Capsule-PDP-Leash3.jpg?v=1779723866"", ""//cdn.shopify.com/s/files/1/0627/9164/7477/files/GL-Pink-Capsule-PDP-Leash4.jpg?v=1779723866"", ""//cdn.shopify.com/s/files/1/0627/9164/7477/files/GL-Pink-Capsule-PDP-Leash5.jpg?v=1779723866"", ""//cdn.shopify.com/s/files/1/0627/9164/7477/files/GL-Pink-Capsule-PDP-Leash6.jpg?v=1779723866"", ""//cdn.shopify.com/s/files/1/0627/9164/7477/files/GL-Pink-Capsule-PDP-Leash7.jpg?v=1779723866"", ""//cdn.shopify.com/s/files/1/0627/9164/7477/files/GL-Pink-Capsule-PDP-Leash8.jpg?v=1779723866"", ""//cdn.shopify.com/s/files/1/0627/9164/7477/files/GL-Pink-Capsule-PDP-Leash9.jpg?v=1779723866"", ""//cdn.shopify.com/s/files/1/0627/9164/7477/files/GL-Pink-Capsule-PDP-Leash10.jpg?v=1779723866""]",https://www.glossier.com/en-in/products/you-look-good-leash,230000,2026-10-02T12:27:48.726473+00:00,"Made for park strolls (and endless detours)! Designed to match our You Look Good Collar, this sturdy limited edition essential is made for your furry friend’s favorite part of the day: the walk. Equipped with a D-ring for your waste bag dispenser, it’s wrapped in an all-over “You Look Good” mantra print—bringing a little extra cheer to every step, sniff and stop along the way. Because they lead the way, you just come prepared! Materials : Polyamide Length: 6ft"
You Look Good Pet Set,9688026841333,"[""//cdn.shopify.com/s/files/1/0627/9164/7477/files/glossier-dog-merch-full-assortment-set-carousel-01.png?v=1779725264"", ""//cdn.shopify.com/s/files/1/0627/9164/7477/files/glossier-dog-merch-full-assortment-set-carousel-02.png?v=1779725265"", ""//cdn.shopify.com/s/files/1/0627/9164/7477/files/glossier-dog-merch-full-assortment-set-carousel-03.png?v=1779725264"", ""//cdn.shopify.com/s/files/1/0627/9164/7477/files/glossier-dog-merch-full-assortment-set-carousel-04.png?v=1779725264"", ""//cdn.shopify.com/s/files/1/0627/9164/7477/files/glossier-dog-merch-full-assortment-set-carousel-06.png?v=1779725265"", ""//cdn.shopify.com/s/files/1/0627/9164/7477/files/glossier-dog-merch-full-assortment-set-carousel-07.png?v=1779725264"", ""//cdn.shopify.com/s/files/1/0627/9164/7477/files/glossier-dog-merch-full-assortment-set-carousel-08.png?v=1779725264"", ""//cdn.shopify.com/s/files/1/0627/9164/7477/files/glossier-dog-merch-full-assortment-set-carousel-09.png?v=1779725264"", ""//cdn.shopify.com/s/files/1/0627/9164/7477/files/glossier-dog-merch-full-assortment-set-carousel-10.png?v=1779725266"", ""//cdn.shopify.com/s/files/1/0627/9164/7477/files/glossier-dog-merch-full-assortment-set-carousel-11.png?v=1779725264"", ""//cdn.shopify.com/s/files/1/0627/9164/7477/files/glossier-dog-merch-full-assortment-set-carousel-12.png?v=1779725264"", ""//cdn.shopify.com/s/files/1/0627/9164/7477/files/glossier-dog-merch-full-assortment-set-carousel-13.png?v=1779725264"", ""//cdn.shopify.com/s/files/1/0627/9164/7477/files/glossier-dog-merch-full-assortment-set-carousel-14.png?v=1779725264""]",https://www.glossier.com/en-in/products/you-look-good-pet-set,430000,2026-10-02T12:27:48.726473+00:00,
